0
21600
43200
64800
86400
108000
129600
151200
172800
194400
216000
237600
259200
280800
302400
324000
345600
367200
388800
410400
432000
453600
475200
496800
518400
540000
561600
583200
604800
626400
648000
669600
691200
712800
734400
756000
777600
799200
820800
842400
864000
885600
907200
928800
950400
972000
993600
1015200
1036800
1058400
1080000
1101600
1123200
1144800
1166400
1188000
1209600
1231200
1252800
1274400
1296000
1317600
1339200
1360800
1382400
1404000
1425600
1447200
1468800
1490400
1512000
1533600
1555200
1576800
1598400
1620000
1641600
1663200
1684800
1706400
1728000
1749600
1771200
1792800
1814400
1836000
1857600
1879200
1900800
1922400
1944000
1965600
1987200
2008800
2030400
2052000
2073600
2095200
2116800
2138400
2160000
2181600
2203200
2224800
2246400
2268000
2289600
2311200
2332800
2354400
2376000
2397600
2419200
2440800
2462400
2484000
2505600
2527200
2548800
2570400
2592000

0.0000000000000E+00
2.5920000000000E+06
5.1840000000000E+06
7.7760000000000E+06
1.0368000000000E+07
1.2960000000000E+07
1.5552000000000E+07
1.8144000000000E+07
2.0736000000000E+07
2.3328000000000E+07
2.5920000000000E+07
2.8512000000000E+07
3.1104000000000E+07
3.3696000000000E+07
3.6288000000000E+07
3.8880000000000E+07
4.1472000000000E+07
4.4064000000000E+07
4.6656000000000E+07
4.9248000000000E+07
5.1840000000000E+07
5.4432000000000E+07
5.7024000000000E+07
5.9616000000000E+07
6.2208000000000E+07
6.4800000000000E+07
6.7392000000000E+07
6.9984000000000E+07
7.2576000000000E+07
7.5168000000000E+07
7.7760000000000E+07
8.0352000000000E+07
8.2944000000000E+07
8.5536000000000E+07
8.8128000000000E+07
9.0720000000000E+07
9.3312000000000E+07
9.5904000000000E+07
9.8496000000000E+07
1.0108800000000E+08
1.0368000000000E+08
1.0627200000000E+08
1.0886400000000E+08
1.1145600000000E+08
1.1404800000000E+08
1.1664000000000E+08
1.1923200000000E+08
1.2182400000000E+08
1.2441600000000E+08
1.2700800000000E+08
1.2960000000000E+08
1.3219200000000E+08
1.3478400000000E+08
1.3737600000000E+08
1.3996800000000E+08
1.4256000000000E+08
1.4515200000000E+08
1.4774400000000E+08
1.5033600000000E+08
1.5292800000000E+08
1.5552000000000E+08
1.5811200000000E+08
1.6070400000000E+08
1.6329600000000E+08
1.6588800000000E+08
1.6848000000000E+08
1.7107200000000E+08
1.7366400000000E+08
1.7625600000000E+08
1.7884800000000E+08
1.8144000000000E+08
1.8403200000000E+08
1.8662400000000E+08
1.8921600000000E+08
1.9180800000000E+08
1.9440000000000E+08
1.9699200000000E+08
1.9958400000000E+08
2.0217600000000E+08
2.0476800000000E+08
2.0736000000000E+08
2.0995200000000E+08
2.1254400000000E+08
2.1513600000000E+08
2.1772800000000E+08
2.2032000000000E+08
2.2291200000000E+08
2.2550400000000E+08
2.2809600000000E+08
2.3068800000000E+08
2.3328000000000E+08
2.3587200000000E+08
2.3846400000000E+08
2.4105600000000E+08
2.4364800000000E+08
2.4624000000000E+08
2.4883200000000E+08
2.5142400000000E+08
2.5401600000000E+08
2.5660800000000E+08
2.5920000000000E+08
2.6179200000000E+08
2.6438400000000E+08
2.6697600000000E+08
2.6956800000000E+08
2.7216000000000E+08
2.7475200000000E+08
2.7734400000000E+08
2.7993600000000E+08
2.8252800000000E+08
2.8512000000000E+08
2.8771200000000E+08
2.9030400000000E+08
2.9289600000000E+08
2.9548800000000E+08
2.9808000000000E+08
3.0067200000000E+08
3.0326400000000E+08
3.0585600000000E+08
3.0844800000000E+08
3.1104000000000E+08

0.0000000000000E+00
1.5184559658797E-04
1.3194368388943E-03
4.2472062596330E-03
8.7306222133370E-03
1.2818920213046E-02
1.5304243226686E-02
1.4970364507495E-02
1.2601128548296E-02
9.8151878431178E-03
7.1718663575998E-03
5.6693258648431E-03
4.7697365006349E-03
4.1449258242862E-03
3.7120628460327E-03
4.7761549234512E-03
7.8449399984388E-03
1.1206217536501E-02
1.3543106308408E-02
1.4074468018286E-02
1.2447025535092E-02
9.5643297271219E-03
7.3516200526857E-03
6.0999324460419E-03
5.2424654099472E-03
4.5601764702775E-03
4.0385092570152E-03
5.1672719406704E-03
8.1516892881863E-03
1.1434828794705E-02
1.3452882980776E-02
1.3924793591250E-02
1.2249389037043E-02
9.7245855385903E-03
7.7372129629264E-03
6.4116117612627E-03
5.3986017197716E-03
4.6368973728150E-03
4.2721886709357E-03
5.6119868083356E-03
8.5005756518958E-03
1.1592559963414E-02
1.3585527726231E-02
1.3857852852959E-02
1.2226775206019E-02
9.8905993554620E-03
7.9934047921949E-03
6.5898722426337E-03
5.4912294002192E-03
4.7408856636662E-03
4.5475765948433E-03
5.9419308347239E-03
8.7713743632826E-03
1.1767755555892E-02
1.3691505280105E-02
1.3840258467199E-02
1.2268851770279E-02
1.0018142552875E-02
8.1819272992638E-03
6.7066427450284E-03
5.5530819904128E-03
4.8446183911543E-03
4.7668876498456E-03
6.1810098928223E-03
8.9745896130272E-03
1.1905148616390E-02
1.3777860040651E-02
1.3920606215114E-02
1.2460432377355E-02
1.0201933665065E-02
8.3454373091605E-03
6.7653147717258E-03
5.6128525572632E-03
4.9352255793852E-03
4.9201979184428E-03
6.3442972587359E-03
9.1205357900506E-03
1.1999060072277E-02
1.3823753635980E-02
1.3945599140408E-02
1.2320998487618E-02
1.0244455252328E-02
8.3992855444825E-03
6.8122235037346E-03
5.6683678011549E-03
5.0142009131544E-03
5.0552942130930E-03
6.4868047614123E-03
9.2469253835383E-03
1.2083146072338E-02
1.3859770047157E-02
1.3976067561592E-02
1.2378876339998E-02
1.0320173845331E-02
8.4395610854697E-03
6.8447480543492E-03
5.7128958330744E-03
5.0837147989877E-03
5.1624579870849E-03
6.5950450919490E-03
9.3427344017108E-03
1.2146944491607E-02
1.3882875815172E-02
1.3990200889238E-02
1.2412320752425E-02
1.0334181985212E-02
8.4794813735734E-03
6.9002540934458E-03
5.7736089569996E-03
5.1485936817093E-03
5.2478375022016E-03
6.6800815097552E-03
9.4159631616927E-03
1.2195426241803E-02
1.3904643680484E-02
1.3997054473744E-02
1.2434261168260E-02
1.0362603683441E-02
8.5023544093664E-03
6.9230363104137E-03
5.7858973811084E-03

0.0000000000000E+00
-3.7757848590587E-05
-3.9537716866068E-04
-1.5031172266384E-03
-3.6105057076312E-03
-7.8577511538336E-03
-1.3011124006624E-02
-1.8475385053073E-02
-2.1645069390834E-02
-2.1144053173254E-02
-1.9125354371635E-02
-1.6893186561831E-02
-1.4883324265201E-02
-1.3353427872259E-02
-1.2405049082485E-02
-1.2345054604651E-02
-1.3549247273183E-02
-1.6417193042440E-02
-1.9911724265940E-02
-2.2717895786839E-02
-2.3634536814543E-02
-2.2682721178639E-02
-2.0929490208858E-02
-1.8956883026798E-02
-1.7027997690531E-02
-1.5463347176400E-02
-1.4583577635972E-02
-1.4620591335141E-02
-1.5860134506636E-02
-1.8391318965031E-02
-2.1834009999106E-02
-2.4530419850875E-02
-2.5195747848445E-02
-2.4261570831484E-02
-2.2561595792852E-02
-2.0617435988641E-02
-1.8753331623369E-02
-1.7296423736313E-02
-1.6429749398934E-02
-1.6444445957743E-02
-1.7613642411127E-02
-1.9935363216991E-02
-2.2888256204556E-02
-2.5544518620359E-02
-2.6274038288064E-02
-2.5376093743651E-02
-2.3656235678095E-02
-2.1693135636107E-02
-1.9910730039010E-02
-1.8507094367617E-02
-1.7663052280447E-02
-1.7613165724771E-02
-1.8683858580143E-02
-2.0861200950367E-02
-2.3549801750597E-02
-2.6066681249206E-02
-2.6924359862249E-02
-2.6038236288173E-02
-2.4319181381373E-02
-2.2415278866268E-02
-2.0651537796191E-02
-1.9274121746316E-02
-1.8416652717383E-02
-1.8324642298957E-02
-1.9332907408834E-02
-2.1430755400371E-02
-2.3956556571942E-02
-2.6379281658672E-02
-2.7317976397060E-02
-2.6414611026313E-02
-2.4798889871352E-02
-2.2895619936018E-02
-2.1155053373973E-02
-1.9788208112461E-02
-1.8917078539804E-02
-1.8783975690070E-02
-1.9748582301789E-02
-2.1791824150296E-02
-2.4237949216005E-02
-2.6542939580773E-02
-2.7528512358165E-02
-2.6714094958039E-02
-2.5079869660839E-02
-2.3236639139140E-02
-2.1520919241166E-02
-2.0150292096052E-02
-1.9260143459700E-02
-1.9096419314580E-02
-2.0030951997785E-02
-2.2041134642984E-02
-2.4442964916363E-02
-2.6672162744843E-02
-2.7624898768214E-02
-2.6911411916219E-02
-2.5307853659149E-02
-2.3476861035970E-02
-2.1759852814189E-02
-2.0392109128647E-02
-1.9489334187278E-02
-1.9306102580620E-02
-2.0222095336537E-02
-2.2213561735386E-02
-2.4588641928280E-02
-2.6767547535721E-02
-2.7752492590486E-02
-2.7044590144111E-02
-2.5430282041896E-02
-2.3624701092539E-02
-2.1953943083859E-02
-2.0577610464698E-02
-1.9657873919380E-02
-1.9453901324120E-02
-2.0352978341782E-02
-2.2330532597171E-02
-2.4689542047003E-02
-2.6829577786881E-02
-2.7747280606232E-02
-2.7051655094249E-02
-2.5522757293256E-02
-2.3768726637508E-02
-2.2052922451095E-02

0.0000000000000E+00
5.6968884390905E-20
2.5319504173735E-19
3.7135272788145E-19
-9.9927643139009E-18
-7.5350844421037E-17
-6.9139126063747E-17
9.3040738003753E-17
2.9235587485940E-16
1.1012296348630E-16
-1.0262839025087E-17
-3.2172649970093E-17
-3.5712316653581E-16
-4.5622370587181E-16
-6.1571970249690E-16
-6.1155042414296E-16
-6.5223042751543E-16
-7.0475995884120E-16
-6.6235822918492E-16
-6.9598253072764E-16
-8.2041945390683E-16
-7.7362901019376E-16
-8.1096683901530E-16
-6.6917761564238E-16
-5.6327456951837E-16
-6.0263795867380E-16
-6.5614651082763E-16
-6.4480337295780E-16
-7.4770183791986E-16
-7.0394973470764E-16
-7.0340958528527E-16
-7.6458150736901E-16
-8.4425354716903E-16
-1.0561271580949E-15
-1.1062260170200E-15
-1.0625414324855E-15
-8.7294898523260E-16
-7.8632252161953E-16
-8.5600179710565E-16
-7.6417639530223E-16
-6.0699291339168E-16
-6.2009153688423E-16
-6.5331072636017E-16
-8.4236302419073E-16
-7.8470207335241E-16
-8.0158174280157E-16
-6.5060997924831E-16
-7.1259212546561E-16
-9.7591496887246E-16
-9.2081972779041E-16
-8.9030128542634E-16
-9.8172157516297E-16
-9.7753541713958E-16
-9.7807556656195E-16
-1.0122400175270E-15
-1.0073786727257E-15
-1.1540292409000E-15
-1.2064237348701E-15
-1.0703060804321E-15
-1.4755531845675E-15
-1.4742028110116E-15
-1.5460426841872E-15
-1.6024882988252E-15
-1.5565755979235E-15
-1.5619770921472E-15
-1.5257870808482E-15
-1.5847984052424E-15
-1.4473303772485E-15
-1.3307931393715E-15
-1.3102674613214E-15
-1.3449720617088E-15
-1.1806315999518E-15
-1.1434963271637E-15
-9.4526148915279E-16
-9.2473581110262E-16
-9.0988170198736E-16
-8.2980455012056E-16
-7.1731843291137E-16
-8.0698323702530E-16
-8.1292488067140E-16
-6.3629601955542E-16
-7.3109224318189E-16
-7.6660706770291E-16
-5.5594879297743E-16
-5.5837946537811E-16
-4.7722201466657E-16
-5.1206165240963E-16
-5.0247400016250E-16
-4.3725095741096E-16
-4.2914871607537E-16
-6.0091623238999E-16
-7.4513612816359E-16
-6.9598253072764E-16
-6.8180360839035E-16
-5.4609106601913E-16
-2.5414030322651E-16
-3.1220636613161E-16
-3.4015909873941E-16
-3.8350608988485E-16
-3.0869539488618E-16
-2.8506385765736E-16
-2.1822036663870E-16
-2.5143955611464E-16
-3.8026519335061E-16
-3.3192182004822E-16
-2.2551238384074E-17
-7.2650097309172E-17
-2.3091387806447E-17
-6.1036884728152E-17
-2.3874604468888E-16
-1.8878222311937E-16
-1.4503011990716E-16
-1.2436940450139E-16
-1.3881840154987E-16
-1.9013259667530E-16
-2.3739567113294E-16
-3.7054250374789E-16
-1.5367251066513E-16
-1.0938025803054E-16
9.3850962137313E-17
7.7916554177309E-17

0.0000000000000E+00
5.2252936986509E-05
5.0983692405482E-04
1.7696203438796E-03
4.0505089766244E-03
6.8557507142622E-03
9.0720164976663E-03
9.1054121030407E-03
7.6118750827187E-03
6.3682380296974E-03
5.3829361867839E-03
4.6559569259260E-03
4.1114285077321E-03
3.7382954786949E-03
3.5330977592968E-03
3.6873401056214E-03
4.5438751676388E-03
6.1136965462793E-03
7.3631575561866E-03
7.7712312515786E-03
7.2937500764894E-03
6.5305958926095E-03
5.8234528133420E-03
5.2405465385127E-03
4.7442438373946E-03
4.3596663164898E-03
4.1890323550516E-03
4.3623829452336E-03
5.1527290376998E-03
6.5636178841351E-03
7.8504724002487E-03
8.2151715145659E-03
7.6569061300603E-03
6.9183736379245E-03
6.2885102339802E-03
5.7153091836679E-03
5.2501485251975E-03
4.8798161175205E-03
4.7488052384453E-03
4.9348307363225E-03
5.6742611384230E-03
6.9663885954797E-03
8.1961690715506E-03
8.6049996087618E-03
8.0433990028156E-03
7.2936467520171E-03
6.6933211765349E-03
6.1154789535941E-03
5.6816419045420E-03
5.3541289296893E-03
5.1861767956424E-03
5.3375378824493E-03
6.0286282608337E-03
7.2507324560551E-03
8.4310925959218E-03
8.8870644514232E-03
8.3078205922639E-03
7.5627767168479E-03
6.9441103784079E-03
6.4393579286417E-03
5.9851474168012E-03
5.6722911815862E-03
5.4838879885929E-03
5.6066537848479E-03
6.2675615818540E-03
7.4503177090131E-03
8.5999986605937E-03
9.0849016126033E-03
8.5396238143642E-03
7.8070435595072E-03
7.2319979976008E-03
6.6400311056589E-03
6.2073137125335E-03
5.8859099022667E-03
5.6774741157716E-03
5.7819024314186E-03
6.4265698329400E-03
7.5857677448714E-03
8.7143554093338E-03
9.2072695026298E-03
8.6797241295430E-03
7.9875940560417E-03
7.3746228280704E-03
6.8405435044645E-03
6.3875815585691E-03
6.0447805949667E-03
5.8196891005752E-03
5.9107436328859E-03
6.5468543590547E-03
7.6906120792313E-03
8.8025568836240E-03
9.2983833837809E-03
8.7986721485709E-03
8.1159096478474E-03
7.5004907652123E-03
6.9555251468184E-03
6.5057231910264E-03
6.1569810060886E-03
5.9175070565024E-03
6.0017026151567E-03
6.6330784984782E-03
7.7668262617299E-03
8.8656630438704E-03
9.3643479471679E-03
8.8856679800473E-03
8.1439600004370E-03
7.6242367018994E-03
7.0511861063169E-03
6.6152170911323E-03
6.2386243428220E-03
5.9886790963670E-03
6.0661686092670E-03
6.6945052645988E-03
7.8219197989534E-03
8.9109969729876E-03
9.4086562496927E-03
8.9343456531397E-03
8.2561304205594E-03
7.6657374812693E-03
7.1385557625608E-03
6.6382733885010E-03

0.0000000000000E+00
2.3122969049487E-04
2.5423659364942E-03
8.3564054869584E-03
4.9569915613888E-02
8.0841283316158E-02
8.6267508888276E-02
9.8168808886687E-02
7.5282382796695E-02
1.2462165496197E-01
1.2266846785818E-01
9.4510094329600E-02
7.1825827650694E-02
4.9493034354004E-02
3.8325428010919E-02
3.1409468208518E-02
2.9260241553966E-02
6.4339716675716E-02
7.6827643580241E-02
7.2792216343581E-02
1.2910539639588E-01
1.5113217115917E-01
1.3766874198739E-01
1.1072895083114E-01
9.1392317874532E-02
5.2523562684721E-02
3.9003645857916E-02
3.3003302950081E-02
3.3186401383365E-02
4.1716510305768E-02
7.7210408951483E-02
7.0975955652670E-02
1.9287075324634E-01
1.4096057372556E-01
1.2479090299907E-01
1.3910908674906E-01
9.9389216768337E-02
6.8271932231554E-02
4.0379237747008E-02
3.8086131623900E-02
3.8608345581513E-02
4.6703983883946E-02
6.9366744115614E-02
7.3980541005102E-02
1.5342134903452E-01
1.5859682930058E-01
1.6439276009401E-01
1.2916109958416E-01
1.0156624904616E-01
7.2737815073087E-02
4.4908956691680E-02
4.4206714938475E-02
4.3629579492101E-02
5.1599575276578E-02
6.7178861333307E-02
9.8596317694772E-02
1.1434186746157E-01
1.5500594547596E-01
1.6805908517973E-01
1.2760229116255E-01
1.0724644545488E-01
7.2714817093618E-02
4.8542712591921E-02
4.7071162100780E-02
4.6101661388198E-02
5.3430540729616E-02
6.9293749677847E-02
7.8545160414942E-02
1.2617748846318E-01
1.4475292288104E-01
1.5395582986297E-01
1.2962749846649E-01
1.1255951704011E-01
7.3974129112246E-02
5.0576271291873E-02
4.8831668511454E-02
4.7732526812569E-02
5.5169055952724E-02
6.3546531041253E-02
7.9268782498460E-02
1.1680508159943E-01
1.5421296791078E-01
1.4570143183205E-01
1.2238840302399E-01
1.0876040048941E-01
7.5200694872154E-02
5.1673634912974E-02
4.9884295383898E-02
4.8639644826967E-02
5.6311240414162E-02
5.7144528319224E-02
9.0046718501801E-02
1.3358477831733E-01
1.4770203149842E-01
1.4547228592235E-01
1.2987968370013E-01
1.1093194913379E-01
7.5011807027290E-02
5.2471202487929E-02
5.0741526051059E-02
4.9343679654995E-02
5.6987946314347E-02
4.8739224337826E-02
7.6963290169797E-02
1.3179228847679E-01
1.4342999892195E-01
1.3625335366928E-01
1.3023448770605E-01
1.0578348353221E-01
7.6038425971694E-02
5.2951788097647E-02
5.1257109647268E-02
4.9742734549281E-02
5.7363540539569E-02
4.8827593632224E-02
8.1867283640662E-02
1.4663210542787E-01
1.6139536233418E-01
1.5169294272290E-01
1.3025373351291E-01
1.0527491192405E-01

0.0000000000000E+00
-2.3086139962767E-04
-2.2697088786894E-03
-7.2057629804152E-03
-4.4142377940264E-02
-8.5749985824960E-02
-8.8975573612062E-02
-8.6109559928458E-02
-7.5535802333058E-02
-9.3436396913189E-02
-1.0125514068954E-01
-7.2077310091069E-02
-8.6735080340841E-02
-5.4719869971457E-02
-4.4306863424267E-02
-3.8307972983872E-02
-3.5855217086796E-02
-7.3271419295913E-02
-9.2172530744011E-02
-1.0308021512362E-01
-1.4400026215277E-01
-1.1193788180796E-01
-1.5919828032400E-01
-1.3463575525977E-01
-7.4437875845443E-02
-5.9778786538642E-02
-4.3017880589249E-02
-3.6668393879132E-02
-3.7394778993976E-02
-4.7280139124637E-02
-1.0627914242526E-01
-8.1429035492740E-02
-1.1354066381725E-01
-1.4730024065080E-01
-1.2932247428393E-01
-1.4347801989732E-01
-9.6428267148838E-02
-6.3445460147935E-02
-4.4898996981092E-02
-3.6518110305138E-02
-3.6863364833978E-02
-4.7903999859488E-02
-6.4200410111031E-02
-8.4536890692508E-02
-1.4431529180944E-01
-1.5824026882701E-01
-1.6689999515020E-01
-1.2695239479740E-01
-1.0826683332616E-01
-6.3617837626494E-02
-4.6520102506840E-02
-3.9757159019758E-02
-4.0892821804168E-02
-4.9846907526102E-02
-6.2028631332970E-02
-8.2129619950489E-02
-1.1186158981936E-01
-1.5760891002374E-01
-1.7789679445214E-01
-1.4073303007145E-01
-1.1068923475248E-01
-6.3823805942767E-02
-5.3183352494691E-02
-4.1478926195220E-02
-4.3454326145190E-02
-5.2607476779775E-02
-5.7650143737911E-02
-1.0701348461171E-01
-1.1630043745660E-01
-1.6225490522321E-01
-1.6041088941955E-01
-1.3270165123104E-01
-1.1323355056623E-01
-6.6039049915481E-02
-4.7442510781710E-02
-4.2736476247728E-02
-4.5617063033333E-02
-5.4774099760837E-02
-6.1988484439189E-02
-1.0729742568887E-01
-1.2074974911431E-01
-1.6900252509221E-01
-1.4960829260809E-01
-1.3221229112032E-01
-1.0402773334714E-01
-6.7547487992487E-02
-4.7604066994167E-02
-4.3526748106156E-02
-4.6840340809447E-02
-5.6056311732014E-02
-6.8146939037410E-02
-1.1161135864318E-01
-1.4787938794671E-01
-1.7992375966086E-01
-1.3672893574398E-01
-1.3143813937860E-01
-1.1152203606380E-01
-6.7667682578010E-02
-4.6571065274006E-02
-4.5325581045450E-02
-4.7852694932963E-02
-5.6879666286944E-02
-7.0735421446842E-02
-9.3796716802482E-02
-1.4580627798849E-01
-1.5053141671488E-01
-1.3454705790213E-01
-1.3380284843665E-01
-9.9980744394806E-02
-6.8133379340264E-02
-4.7158974512746E-02
-4.6636389349242E-02
-4.8259424480541E-02
-5.7343429395608E-02
-7.0979209041888E-02
-8.4188011260193E-02
-1.6356494915242E-01
-1.7575421164829E-01
-1.6056646815745E-01
-1.3292538729891E-01
-9.6086578208536E-02

0.0000000000000E+00
6.4436394989589E-12
2.0536602436764E-11
3.1890579704490E-11
-1.4423462443259E-10
-1.2277948664218E-09
-1.0093678079410E-09
-1.0193210146565E-09
5.8459703296679E-11
6.4808665054584E-10
3.4943518590764E-10
8.5428149609232E-10
5.8596882073172E-10
1.4368846840188E-10
-5.0689526108693E-11
-2.9045392996440E-10
-6.8437951855448E-10
-1.4123251335333E-09
-7.1313273117093E-10
8.3947232471271E-10
8.5008926676323E-10
5.4871605472720E-10
1.2083674018779E-09
5.1362574023169E-10
2.5164679386014E-10
8.6346131204229E-12
-2.4926857109474E-10
-4.1948823434283E-10
-5.8731917976200E-10
-8.4948327388120E-10
-6.8353164453555E-10
4.2265763900040E-10
8.8979702882558E-10
1.8624397300148E-09
1.8115396248546E-10
2.4579006668792E-10
2.0463742438597E-11
-1.4489259924078E-10
-3.0716315319000E-10
-4.2265915037217E-10
-4.6617211579954E-10
-4.2463631234254E-10
-7.4770112982929E-10
2.4604567798341E-10
1.1496552600089E-09
5.6077472766166E-10
-4.4744161557982E-11
7.8445369605419E-11
-1.0404490836315E-10
-1.8117176803655E-10
-2.9885969972615E-10
-3.5640995649662E-10
-3.4491977788509E-10
-2.1249035122807E-10
-3.6645287357092E-10
1.8619259075251E-10
6.9491545417579E-10
7.3449546552135E-10
3.3206620131419E-10
-5.4494516384667E-11
-1.5626545456407E-10
-2.2996738180147E-10
-2.6655454029840E-10
-2.9673919142813E-10
-2.6206619353161E-10
-9.0921064980478E-11
-1.8790022384495E-10
-9.0574195686141E-11
4.8722196891923E-10
6.5742882898238E-10
2.3288149497535E-10
2.2717535046080E-10
-2.4555556473682E-10
-2.4317907726476E-10
-2.4062852646409E-10
-2.5539737830486E-10
-2.0438711650943E-10
-1.5132496172477E-11
-3.6411064250717E-11
-7.6376220497455E-11
7.2890945304709E-10
6.3562737850978E-10
-8.2197680215476E-12
-1.7566583063824E-10
-2.1337219130750E-10
-2.3808691463295E-10
-2.0152336170637E-10
-2.2221865724528E-10
-1.6754083177071E-10
4.5418938142742E-11
3.3546797076396E-11
5.7715944096174E-11
9.0845834469548E-10
6.0278570633951E-10
1.5354997213638E-11
-1.2157114981045E-10
-3.0066890312048E-10
-2.4653116000908E-10
-1.7926568647033E-10
-2.0199161816362E-10
-1.4363046219532E-10
8.0767715282499E-11
6.4518142805656E-11
1.6020763020067E-10
8.5707011424185E-10
3.6837140049553E-10
-6.0065534187476E-13
-2.3431035423781E-10
-2.6147174516508E-10
-2.3467445564106E-10
-1.5659913820914E-10
-1.8258288899364E-10
-1.2523848268436E-10
1.0371457344566E-10
9.3659719861470E-11
2.1798882633685E-10
4.6034574434657E-10
-1.1732799222903E-11
3.3640773245374E-10
-1.8955156619985E-10
-2.5735627602900E-10

0.0000000000000E+00
2.2716400902066E-05
2.1660728218411E-04
7.5881341564899E-04
3.7200584722812E-03
6.7942082181672E-03
7.8892370593023E-03
9.0449807445183E-03
9.2338551043460E-03
9.1558639809665E-03
8.3670883177889E-03
7.0523185412142E-03
6.0368343638347E-03
5.2159487991090E-03
4.5603486162178E-03
4.0853155345386E-03
3.9459332822225E-03
6.9362942856520E-03
8.6397128750265E-03
9.1959292955607E-03
1.0338054082895E-02
9.7733522699498E-03
9.3236806702648E-03
8.4676455429893E-03
6.7524958917943E-03
6.3193375014749E-03
5.8276221027205E-03
5.6396270464657E-03
5.7541242806697E-03
6.2243832238678E-03
8.9792382376076E-03
9.6970442820444E-03
1.1070906952250E-02
1.1229413218155E-02
1.0049694099014E-02
9.1895554541440E-03
7.9693245894446E-03
7.2026635495699E-03
7.0249011872500E-03
6.7921181472386E-03
6.7986866587718E-03
7.0855463830072E-03
8.2159228773170E-03
9.8544524075934E-03
1.1310810666385E-02
1.1773587186037E-02
1.0688289696684E-02
9.6798184164006E-03
8.6545850056982E-03
7.9022836642645E-03
7.6673646547934E-03
7.3555938404137E-03
7.2941476039770E-03
7.5145249618166E-03
8.0083860037480E-03
9.8997009210307E-03
1.1504630403597E-02
1.2249044801479E-02
1.1407205078234E-02
1.0055976945743E-02
9.1232922754886E-03
8.3177323343278E-03
8.0261019814472E-03
7.6636059086364E-03
7.5610558667162E-03
7.7511315130030E-03
8.0013536711602E-03
9.6882579982420E-03
1.1241282363953E-02
1.2168262860164E-02
1.1349244863696E-02
1.0539073856890E-02
9.4904264655883E-03
8.6400541097411E-03
8.2658696912702E-03
7.8695698474432E-03
7.7505080870399E-03
7.9135148764694E-03
8.1360576478203E-03
9.2852070724742E-03
1.1340503032920E-02
1.2479878797925E-02
1.1467935448810E-02
1.0430120731837E-02
9.6251328072198E-03
8.8125552415819E-03
8.4046096740359E-03
7.9943616569209E-03
7.8647813171531E-03
8.0159828607894E-03
8.2361709241233E-03
9.0211217214445E-03
1.1518883624483E-02
1.2360055332555E-02
1.1784612686313E-02
1.0687225965034E-02
9.8000150686954E-03
8.9344311405420E-03
8.5154250094172E-03
8.0962870884251E-03
7.9581267771681E-03
8.0997831936317E-03
8.3220081151335E-03
9.0210866583122E-03
1.1830138156009E-02
1.2185872936021E-02
1.1647297557077E-02
1.0794118004176E-02
9.8025953353867E-03
9.0371087064130E-03
8.5850353234344E-03
8.1608219598018E-03
8.0176970926494E-03
8.1558743074706E-03
8.3799932001481E-03
9.0539986095413E-03
1.1379394890449E-02
1.2641445687719E-02
1.1724934306704E-02
1.0822389113664E-02
9.9249194527342E-03

0.0000000000000E+00
4.6746334964951E-04
3.8134585856438E-03
2.0674507271211E-02
9.6716830952672E-02
1.5380657749086E-01
1.4315458465964E-01
1.7159669574499E-01
1.7218440846063E-01
2.0930291822881E-01
1.9943560462005E-01
1.1641200985891E-01
1.2416833284861E-01
1.2140824275621E-01
8.4590066940138E-02
6.5165871867897E-02
5.9077878453338E-02
1.2498997079302E-01
1.7238820578514E-01
1.3236849863373E-01
1.8083618575180E-01
1.6856999368196E-01
1.2631981538336E-01
1.0622421638559E-01
6.6949246665936E-02
8.5207130248723E-02
5.6562669278852E-02
4.2970018325812E-02
4.6213794890224E-02
6.3958103463703E-02
1.2052790399597E-01
1.6637868483511E-01
1.6186203265314E-01
1.5860951716528E-01
1.4201536363145E-01
1.1750760401852E-01
1.0998792017872E-01
6.7475358493775E-02
6.7325696814647E-02
6.6230524846103E-02
6.6493242395866E-02
6.8016140974897E-02
1.0680632917695E-01
1.5283191143460E-01
1.4143796039747E-01
1.5061992638235E-01
1.3415027596326E-01
1.1314781232361E-01
9.8109871420563E-02
8.2678544176512E-02
8.2469082726459E-02
7.8872241400264E-02
7.6923145020799E-02
7.7237695810372E-02
7.7374820229072E-02
1.2785346697838E-01
1.5413839498249E-01
1.5957007693693E-01
1.4510129031553E-01
1.0645328872584E-01
9.6828738250402E-02
9.3027976456993E-02
9.1669115949866E-02
8.6037690627567E-02
8.3002817783020E-02
8.3040133228134E-02
8.2704333146708E-02
1.2983132739915E-01
1.8989295036957E-01
1.4267891699967E-01
1.2986449687530E-01
1.5256880274255E-01
1.0130435712166E-01
9.9963782584861E-02
9.7562751288447E-02
9.0619041652778E-02
8.7079711360847E-02
8.6932007755722E-02
8.6207129280510E-02
9.3738781280622E-02
1.4273277975635E-01
1.8509999188094E-01
1.4069241511074E-01
1.1371405519797E-01
1.0288884456022E-01
1.0423862574163E-01
1.0070761603823E-01
9.3028527656899E-02
8.9384984186830E-02
8.9145598878136E-02
8.8249859938346E-02
8.8135045565081E-02
1.3739066201278E-01
2.0414567042937E-01
1.3900799291671E-01
1.0206370723197E-01
1.0543812343416E-01
1.0646270652127E-01
1.0281416707070E-01
9.4724392078215E-02
9.1153209170698E-02
9.0890512485118E-02
8.9878816536645E-02
8.9589487786598E-02
1.2453095380074E-01
1.5551396400888E-01
1.3029993558843E-01
1.0721519407105E-01
1.0784878411765E-01
1.0881675111865E-01
1.0421553729000E-01
9.5857180562588E-02
9.2236716380308E-02
9.1932220417966E-02
9.0853467022358E-02
9.0402617418426E-02
1.4447772620420E-01
1.5090790067179E-01
1.3452333528326E-01
1.1324696082143E-01
1.0978670600963E-01

0.0000000000000E+00
-4.2515040548970E-04
-3.4111738710133E-03
-1.9176920931714E-02
-1.0541225394241E-01
-1.6414350707794E-01
-2.1048729326195E-01
-2.0112252778419E-01
-1.8940527154308E-01
-1.8663713458165E-01
-1.7216401390333E-01
-1.4066389891360E-01
-1.2715019553732E-01
-9.2270920852454E-02
-7.4822635334953E-02
-7.1391950227927E-02
-7.4009298447377E-02
-1.2632681879489E-01
-1.6885266913619E-01
-1.7019712764494E-01
-1.7369100791977E-01
-1.6200853308606E-01
-1.6194921521273E-01
-1.4959523944710E-01
-1.1221913091179E-01
-9.5711153952656E-02
-8.3547634507832E-02
-7.8575447122938E-02
-7.9856342998478E-02
-1.0614871188654E-01
-1.8652063717632E-01
-1.6811941437584E-01
-1.6919787416947E-01
-1.7106785634938E-01
-1.7708738292278E-01
-1.5986780518999E-01
-1.4229021217459E-01
-1.1329282641800E-01
-8.7781326809072E-02
-8.2502056785132E-02
-8.4866354380767E-02
-1.1667600856220E-01
-1.4437224442910E-01
-1.6563995980902E-01
-1.6768640450697E-01
-1.7331440500583E-01
-1.7646804067621E-01
-1.6543686279550E-01
-1.4630611974871E-01
-1.2067676851397E-01
-9.0016583995300E-02
-8.4808901017566E-02
-9.4476775624053E-02
-1.2154361172748E-01
-1.4279662220407E-01
-1.6274723752256E-01
-1.6460129404993E-01
-1.9139009577869E-01
-1.7901473521889E-01
-1.6098660634692E-01
-1.4119295756264E-01
-1.2093159017676E-01
-9.3398053786090E-02
-8.6619462284728E-02
-9.8460249088959E-02
-1.2303771309594E-01
-1.4150680566427E-01
-1.5844687347892E-01
-1.7057455514659E-01
-1.8422428184976E-01
-1.7137695393443E-01
-1.6947644438279E-01
-1.4665328737298E-01
-1.2159801916196E-01
-9.2025187531231E-02
-8.7606296731464E-02
-1.0114075204889E-01
-1.2396378353755E-01
-1.4085724222659E-01
-1.5515239212554E-01
-1.5781315618364E-01
-1.8819442000479E-01
-1.8019559098953E-01
-1.6099349172918E-01
-1.4508111339991E-01
-1.2138353383297E-01
-9.2293738604840E-02
-8.8437609555753E-02
-1.0284120338875E-01
-1.2455177010787E-01
-1.4043678897470E-01
-1.5296824696034E-01
-1.5629455996679E-01
-1.8371027269335E-01
-1.8704467643561E-01
-1.5990607497677E-01
-1.4432795039939E-01
-1.2084391374561E-01
-9.2609191075033E-02
-9.0224846666044E-02
-1.0401865927997E-01
-1.2500665711233E-01
-1.4021998668473E-01
-1.5136571010851E-01
-1.5446908487398E-01
-1.6746746481319E-01
-1.7855520486273E-01
-1.6149928688345E-01
-1.4263271654947E-01
-1.2057151381435E-01
-9.3328873593974E-02
-9.1727813724656E-02
-1.0490543770339E-01
-1.2531530550119E-01
-1.4012924045348E-01
-1.5019533351239E-01
-1.6394977832349E-01
-1.9089538646418E-01
-1.7737263090866E-01
-1.6272200537398E-01
-1.4101626795403E-01

0.0000000000000E+00
2.8182234966308E-09
1.1843088813657E-08
3.2415726818079E-08
7.9461269196212E-08
9.0613110106753E-08
9.5222816437603E-09
-5.3250179254352E-08
-5.3760454168680E-08
-3.8987169877148E-08
-2.9152325509962E-08
-1.2871801104253E-08
-6.7587445182179E-09
-1.1225880335126E-10
8.9101815936903E-09
2.0383505344993E-08
3.4756004223367E-08
3.1295813292694E-08
2.3403742791765E-08
-7.9112250221629E-09
-1.9591204145690E-08
-1.3169516376341E-08
-1.7399654052873E-08
-1.2476515672869E-08
-4.4841521526450E-09
5.8872371736444E-09
1.1230113272814E-08
1.9913824941086E-08
2.9478561979288E-08
3.4735738693209E-08
1.7225670859025E-08
-1.2103691860234E-08
-2.6304867379457E-08
-1.9386339396273E-08
-1.6306334056297E-08
-9.2489385784100E-09
-5.1646841986747E-10
2.4833930515222E-09
8.9091023613684E-09
1.6556103805487E-08
2.4762948852249E-08
2.8959804891441E-08
2.7319340762394E-08
-8.9012757459302E-09
-2.1555790342841E-08
-1.5688536436512E-08
-1.3528078039921E-08
-6.3004688911384E-09
-2.3514825200660E-09
1.5452876746103E-10
5.2016950573854E-09
1.3372373019201E-08
2.1699860319978E-08
2.5529397177889E-08
2.3189905962312E-08
-1.1607271481228E-08
-2.2853331545368E-08
-1.4691268485360E-08
-1.3623134352520E-08
-6.5594143975693E-09
-3.3423960288173E-09
-1.2542017866366E-09
2.7573902907260E-09
1.1179391800300E-08
1.9959699003624E-08
2.3659916283296E-08
2.3996433635893E-08
-1.5961838460150E-08
-1.7862485069912E-08
-1.2125337048739E-08
-1.3619610825865E-08
-7.7421036444433E-09
-3.1904365657970E-09
-2.4185034389896E-09
1.3096083252377E-09
9.8728066396331E-09
1.8926075171362E-08
2.2879892531981E-08
2.4496916987092E-08
6.7726288127748E-10
-2.0220547000115E-08
-1.8848522724000E-08
-1.1513616809191E-08
-8.1385021646860E-09
-5.5217451759377E-09
-3.6990147928711E-09
-1.0287320351359E-10
8.8875602219657E-09
1.8225764118828E-08
2.2283697500327E-08
2.3556546199840E-08
2.1749924856278E-09
-1.9568043072416E-08
-1.4813093957305E-08
-7.0856846529689E-09
-8.0970724082628E-09
-5.3657508739673E-09
-4.6333928606656E-09
-9.6686312976985E-10
8.2941179036649E-09
1.7777982362809E-08
2.1883350534382E-08
2.3488009711146E-08
9.6510883598138E-11
-1.6284794763108E-08
-1.0791269489479E-08
-9.7976239643696E-09
-4.4053850039472E-09
-7.2692710734756E-09
-5.4669300973239E-09
-1.7064003219683E-09
7.8302384027748E-09
1.7482817687321E-08
2.1725407655549E-08
2.3416242503326E-08
4.2517823492835E-09
-2.7789378201070E-08
-1.1533568127650E-08
-9.7272416404177E-09
-9.7416959912011E-09
-6.2732105722660E-09

0.0000000000000E+00
3.1085065751981E-05
2.0367517939560E-04
1.3181985939219E-03
6.5231559807614E-03
1.1458160330178E-02
1.4603182361703E-02
1.7424082133191E-02
1.8035240304580E-02
1.6758742373773E-02
1.3356604825399E-02
1.0763827413233E-02
9.0101398094984E-03
7.4521106414000E-03
5.8741790544689E-03
4.9828342563497E-03
5.4069949239747E-03
1.0558315530809E-02
1.4297782573406E-02
1.5690327468764E-02
1.6313027173746E-02
1.5272129353606E-02
1.2859506730476E-02
1.1052479183529E-02
8.7531330917740E-03
8.1713500270612E-03
6.9964815478961E-03
6.5925813489833E-03
7.3296433002501E-03
9.1960771117192E-03
1.4020946229790E-02
1.5845433180026E-02
1.7251679551037E-02
1.6141690438559E-02
1.3906536777078E-02
1.2347048567808E-02
1.0433287560695E-02
9.2778040805437E-03
9.1323808155121E-03
8.9332955305399E-03
9.3683403437332E-03
1.0660466767400E-02
1.3358175764670E-02
1.6442379670772E-02
1.7369438490990E-02
1.6756913762468E-02
1.4463343720294E-02
1.3206085258695E-02
1.1712015467170E-02
1.0613937824871E-02
1.0687124634526E-02
1.0360195705051E-02
1.0486878843608E-02
1.1562797195444E-02
1.3210325760449E-02
1.6341767181778E-02
1.8133609115633E-02
1.7634261039971E-02
1.5706055830862E-02
1.3761328346441E-02
1.2575150759676E-02
1.1689470186584E-02
1.1747056511984E-02
1.1180314717777E-02
1.1107648931338E-02
1.2068212270528E-02
1.3504205539864E-02
1.6363129654337E-02
1.7775194506150E-02
1.7858190953213E-02
1.5695861540472E-02
1.4765899909557E-02
1.3474344792652E-02
1.2570598358535E-02
1.2440711046273E-02
1.1697118068440E-02
1.1557966112436E-02
1.2459062417418E-02
1.3859824853253E-02
1.5915917402354E-02
1.7817478564805E-02
1.7731762741784E-02
1.6269290536429E-02
1.5025183432087E-02
1.4025801791974E-02
1.3145317417776E-02
1.2850390347863E-02
1.2030826505490E-02
1.1862628223184E-02
1.2728253276992E-02
1.4099596006301E-02
1.5475945032273E-02
1.7944257846939E-02
1.7799848732860E-02
1.7071548884967E-02
1.5447378308406E-02
1.4408754610495E-02
1.3517378896505E-02
1.3196611958204E-02
1.2298214467593E-02
1.2114558857644E-02
1.2950629174555E-02
1.4280347449625E-02
1.5477690578497E-02
1.8130550468672E-02
1.8302857639564E-02
1.6772005568855E-02
1.5781875332322E-02
1.4732496559874E-02
1.3899867474799E-02
1.3390025602845E-02
1.2476427686288E-02
1.2285768294608E-02
1.3103765223942E-02
1.4404017951140E-02
1.5488189724073E-02
1.7916616339071E-02
1.8343519479357E-02
1.7130018712635E-02
1.5952606850651E-02
1.5204659542196E-02

0.0000000000000E+00
2.2983750786636E-05
1.9221661788957E-04
9.5738708708064E-04
2.9409053765383E-02
3.9207585088396E-02
4.8373366879334E-02
4.6890952567197E-02
4.6080252780683E-02
5.1323057945237E-02
4.5464115478837E-02
4.1631330727464E-02
3.8171124407831E-02
2.5640989118266E-02
1.8079439121160E-02
1.4825223985496E-02
1.3544521839052E-02
3.6914999341233E-02
4.0523787492167E-02
3.6673463652312E-02
4.2438602046696E-02
5.2260842565482E-02
3.6974410173297E-02
3.3089550701316E-02
2.8669071265634E-02
1.7392416822921E-02
1.5230775421003E-02
1.5066574611068E-02
1.4865669759944E-02
1.6385700350189E-02
3.5417785329841E-02
3.4261438708323E-02
5.6267890105770E-02
5.5318266521090E-02
2.9864743716241E-02
3.4308361249923E-02
2.7975281679362E-02
1.5778186647344E-02
1.4980010010835E-02
1.4769354021687E-02
1.4472248139595E-02
1.6386013961906E-02
2.6072845798554E-02
3.5441922967314E-02
4.4340163571947E-02
5.8322211132238E-02
5.5097562198040E-02
2.3375457684366E-02
2.3064721449778E-02
1.6600665117849E-02
1.4980143198136E-02
1.4779148605595E-02
1.4418803677615E-02
1.7063863132953E-02
2.1173998253634E-02
3.1252920267417E-02
4.0367007232246E-02
3.5910440272959E-02
4.8758616498672E-02
2.5868648385768E-02
2.2232437131511E-02
1.6247655387946E-02
1.4855960218906E-02
1.4752283748410E-02
1.4434873005167E-02
1.7443720039762E-02
2.1052631634044E-02
3.2840455753758E-02
4.6240887952468E-02
4.7060904206789E-02
5.1146230933591E-02
2.5378318186305E-02
2.7961690460373E-02
1.6094181258389E-02
1.4911985376641E-02
1.4821029517983E-02
1.4437713684411E-02
1.7714177168120E-02
1.8639294336487E-02
5.1579380479106E-02
4.1223244484095E-02
3.4993396847107E-02
4.4856105476981E-02
3.2227789889243E-02
2.2490331873805E-02
1.5710727750193E-02
1.4895197924845E-02
1.4805944587530E-02
1.4419904709311E-02
1.7896003996012E-02
2.0119845170939E-02
4.9819420603929E-02
3.9495968676888E-02
3.8898317024108E-02
3.0151980058358E-02
2.4399090543039E-02
2.4534574744820E-02
1.5914642665039E-02
1.4894384052487E-02
1.4788800130833E-02
1.4423354642293E-02
1.8013363855551E-02
2.0623788510579E-02
4.9595429118817E-02
4.3250151559439E-02
4.5331601391497E-02
2.8859234886811E-02
2.4156041675091E-02
2.0264248839815E-02
1.5545647914499E-02
1.4879029498232E-02
1.4754399616231E-02
1.4426388281765E-02
1.8079751779120E-02
2.0625982405799E-02
3.8862471686057E-02
4.7879396282150E-02
3.6187750070950E-02
2.5490240711030E-02
3.1183390435617E-02
2.0689191564511E-02

0.0000000000000E+00
-2.2366686297427E-05
-2.7279941688852E-04
-1.3143213370547E-03
-2.7930088840828E-02
-4.6283948151861E-02
-5.6705630210595E-02
-5.3612643832876E-02
-4.8080759300425E-02
-5.5150231166659E-02
-6.0981369849060E-02
-5.2164743161513E-02
-4.7810627173674E-02
-3.4240559479019E-02
-2.7373685425824E-02
-2.2497002255337E-02
-2.0956430051278E-02
-3.6739483521215E-02
-5.2634714140045E-02
-4.9449428899224E-02
-8.3016501547730E-02
-7.4582241653835E-02
-7.7506895274991E-02
-5.9522189235257E-02
-4.3767961586225E-02
-3.4364619075112E-02
-2.3841391598939E-02
-1.9409792211809E-02
-1.9882826332465E-02
-2.6587585198089E-02
-5.4185606315377E-02
-4.5285048179582E-02
-7.6892985142151E-02
-7.5305730663034E-02
-6.6365852707729E-02
-7.8012691432950E-02
-4.9620478234265E-02
-3.4705540105495E-02
-2.4301270347951E-02
-1.8026130544212E-02
-1.8957686238040E-02
-2.6976366685292E-02
-3.2888667201188E-02
-4.7441259435121E-02
-8.3670974809496E-02
-7.3816538390020E-02
-7.9282287243236E-02
-6.9613691664253E-02
-5.5628172137936E-02
-3.5690886129447E-02
-2.3353965767024E-02
-1.7539766861187E-02
-2.0538402058693E-02
-2.7691507955616E-02
-3.1426592620737E-02
-4.5886864730828E-02
-5.6756379847284E-02
-8.1828325887781E-02
-9.1162940544205E-02
-6.6932782076018E-02
-5.7721630910231E-02
-3.6032883418633E-02
-2.8010759908275E-02
-1.9405497053477E-02
-2.2134789672383E-02
-2.7666940695275E-02
-3.3069255250149E-02
-5.7590268961959E-02
-6.8303339646572E-02
-7.6085566951808E-02
-8.5525214829504E-02
-6.5853362469940E-02
-6.0977309526835E-02
-3.6705161626241E-02
-2.4131886492790E-02
-2.0025828275267E-02
-2.2936968485185E-02
-2.7775837441754E-02
-3.3521098840285E-02
-4.2361722241484E-02
-6.9699287052209E-02
-8.1006428496226E-02
-7.1283229258035E-02
-6.7472281510620E-02
-5.5702881248866E-02
-3.7099462627585E-02
-2.4164663289578E-02
-2.0420861201837E-02
-2.3447510020532E-02
-2.7882172716904E-02
-3.6573511363771E-02
-4.9984111570910E-02
-7.2195832625670E-02
-8.5112772674904E-02
-7.5398079063106E-02
-6.3447198420005E-02
-6.1874681215668E-02
-3.6969734601719E-02
-2.3574449284652E-02
-2.0554639944032E-02
-2.3695465098784E-02
-2.7994666772608E-02
-3.6874545973330E-02
-4.9341150746619E-02
-6.6547160034202E-02
-6.7237734918570E-02
-7.4338661063967E-02
-7.1518863190099E-02
-5.3863726681851E-02
-3.7043231147371E-02
-2.3898740044513E-02
-2.0703389792132E-02
-2.3869126173918E-02
-2.8041637047416E-02
-3.6172466692049E-02
-4.6988374483936E-02
-9.5054110678735E-02
-8.5614771542960E-02
-8.0063719051954E-02
-6.4729135592952E-02
-5.0373564164444E-02

0.0000000000000E+00
-2.4088150578083E-23
-1.9270520462466E-22
6.4235068208221E-21
-6.9373873664879E-21
-8.2220887306523E-21
-1.5827520806506E-19
9.8665064767828E-20
-2.4666266191957E-20
6.5776709845218E-20
-1.8088595207435E-19
-7.3998798575871E-20
1.0688715349848E-19
1.9733012953566E-19
5.9610143297229E-20
1.9733012953566E-19
-1.2333133095978E-20
4.7277010201251E-20
8.2220887306523E-21
5.3443576749240E-20
5.0154741256979E-19
-2.2610744009294E-19
4.1110443653262E-21
-3.3710563795674E-19
-9.0442976037175E-20
-1.3771998623843E-19
-8.0165365123860E-20
-1.5416416369973E-19
7.2971037484539E-20
2.2919072336693E-19
-5.5499098931903E-20
-3.6999399287935E-20
1.1510924222913E-19
1.2744237532511E-19
-1.4388655278642E-19
6.1665665479892E-20
1.4799759715174E-19
-5.7554621114566E-20
-1.2847013641644E-19
-2.0863550154030E-19
1.7266386334370E-19
-1.2692849477945E-19
6.1665665479892E-21
-7.1943276393208E-20
1.0483163131582E-19
-2.7338445029419E-19
-5.9610143297229E-20
-8.8387453854512E-20
9.2498498219838E-21
2.5694027283288E-20
3.8797981197766E-19
-6.5776709845218E-20
-1.0483163131582E-19
3.0473116357980E-19
-2.8006489738784E-19
3.9363249797998E-19
7.6054320758534E-20
2.0555221826631E-21
-3.1860593831278E-19
-2.3330176773226E-19
-2.6721788374620E-20
-1.0277610913315E-21
2.3124624554960E-20
-1.0560245213432E-19
5.3443576749240E-20
-2.0992020290447E-19
5.5499098931903E-20
-2.0966326263163E-19
-1.4594207496908E-19
-2.0555221826631E-20
-8.2220887306523E-21
-1.7883042989169E-19
2.6362071992654E-19
-6.8859993119213E-20
-2.1660064999812E-19
-2.5809650406063E-19
6.0509434252144E-20
3.1372407312895E-19
1.8165677289285E-19
1.5673356642806E-19
2.7852325575085E-19
-2.7441221138552E-19
2.4666266191957E-20
1.7060834116104E-19
-3.4301526423190E-19
-1.5898179381535E-19
-2.2552932447906E-19
-4.9461002520330E-21
2.4310163032578E-19
-9.0892621514633E-21
-2.8263430011617E-20
-3.1886287858561E-19
-5.6167143641269E-19
-2.4614878137390E-19
-6.6804470936550E-19
6.6804470936550E-20
-9.3686846981691E-20
2.0497410265243E-19
1.3405858735056E-19
-1.3849080705692E-19
-5.9096262751563E-20
-4.2523615153842E-20
-6.7896467096090E-20
2.4576337096465E-19
-1.3103953914477E-19
1.4260185142225E-19
-4.5401346209571E-19
-5.1644994839410E-20
1.9064968244200E-19
-1.1665088386613E-19
1.7369162443503E-19
-1.8653863807667E-19
1.1819252550313E-19
-1.1305372004647E-20
-3.5061909043105E-19
5.1837700044034E-20
-2.9419661239365E-19
2.7184280865719E-19
-2.7653196863639E-19
-2.0105576349173E-19
-1.5416416369973E-20

0.0000000000000E+00
1.3460020289349E-06
1.3385185730194E-05
5.8921221472137E-05
1.6225318338157E-03
2.4878755278374E-03
2.5747294011257E-03
2.9333702402153E-03
3.4290463848842E-03
3.4137410184308E-03
2.8927909390581E-03
2.6175246753308E-03
2.2935245895305E-03
1.7643436249213E-03
1.3624702872924E-03
1.0768368099645E-03
9.6463130338566E-04
2.1843335289515E-03
2.7332289355214E-03
3.0499321763420E-03
3.7548258140380E-03
3.5540538804758E-03
3.0675989934161E-03
2.6345750619740E-03
1.9417871319350E-03
1.7153555475085E-03
1.3904154509188E-03
1.2350159634540E-03
1.2646305173099E-03
1.4911920617884E-03
2.7758368502100E-03
3.0655330470367E-03
3.9114756265400E-03
3.6548964842698E-03
3.0812941330004E-03
2.7739174775829E-03
2.1663060371644E-03
1.7173303037687E-03
1.5334180111709E-03
1.3753942021064E-03
1.3958564332244E-03
1.6028807882203E-03
2.3096461644703E-03
3.1049711278752E-03
3.7872132686743E-03
3.7164090947534E-03
3.3393907583308E-03
2.7728810547412E-03
2.2577821233737E-03
1.7837048909360E-03
1.5893422653742E-03
1.4273960508505E-03
1.4516399286384E-03
1.6548873049849E-03
1.9669765447250E-03
3.0856514399575E-03
3.6113007961063E-03
3.6368587337678E-03
3.5106443665592E-03
2.7321246207792E-03
2.3112827339675E-03
1.8129930636967E-03
1.6278886912008E-03
1.4536823964718E-03
1.4840883466747E-03
1.6864107795765E-03
1.8368563662913E-03
2.8543110472217E-03
3.7077517519094E-03
3.5309614033207E-03
3.3678341993792E-03
2.8400072739982E-03
2.3632526046324E-03
1.8472458313243E-03
1.6232645293858E-03
1.4724371185729E-03
1.5085106158298E-03
1.7106979841745E-03
1.8405725495539E-03
2.6452012308066E-03
3.5014043288140E-03
3.5915723443434E-03
3.2517991752328E-03
2.7209496266636E-03
2.3265384019353E-03
1.8518917373063E-03
1.6300189440448E-03
1.4882571139345E-03
1.5282940176751E-03
1.7314788525991E-03
1.8465835268948E-03
2.4502333518088E-03
3.3361312300860E-03
3.5400149327406E-03
3.2074752491174E-03
2.7639370129265E-03
2.3865633783209E-03
1.8490061117203E-03
1.6309790177877E-03
1.4996351925046E-03
1.5423239509203E-03
1.7467602833959E-03
1.8439006159775E-03
2.3934584798114E-03
3.5465507202509E-03
3.4106519286800E-03
3.1319656572307E-03
2.7915345225989E-03
2.3127621647119E-03
1.8555224066810E-03
1.6392958958715E-03
1.5088878797970E-03
1.5530761507510E-03
1.7580903315291E-03
1.8410063571481E-03
2.4234566793800E-03
3.3661298427993E-03
3.5445848310945E-03
3.1074074109869E-03
2.7952291724525E-03
2.2750380881682E-03

1.5000000000000E+01
1.5012837257986E+01
1.5115794809270E+01
1.5395920920076E+01
1.5887414990737E+01
1.6505810582184E+01
1.7120849797274E+01
1.7528029026026E+01
1.7640430030931E+01
1.7521308619779E+01
1.7292110001949E+01
1.7034940082297E+01
1.6803194072425E+01
1.6616512915366E+01
1.6496258902759E+01
1.6554382733723E+01
1.6894442986227E+01
1.7364414593441E+01
1.7759950323153E+01
1.8076681758842E+01
1.8124738594069E+01
1.7947557207680E+01
1.7694574222755E+01
1.7433797810246E+01
1.7189083253328E+01
1.6983775511673E+01
1.6843486089986E+01
1.6888941149126E+01
1.7214463872342E+01
1.7703195718432E+01
1.8118953514104E+01
1.8355292461024E+01
1.8375922572843E+01
1.8202102849591E+01
1.7945854461005E+01
1.7674136596520E+01
1.7409420730686E+01
1.7191259214901E+01
1.7049259713261E+01
1.7102392486666E+01
1.7413814996859E+01
1.7882316732671E+01
1.8331208965558E+01
1.8546390872937E+01
1.8550798735879E+01
1.8370877061492E+01
1.8106538009331E+01
1.7818645661158E+01
1.7541038872998E+01
1.7316125780596E+01
1.7179445931839E+01
1.7238103257196E+01
1.7540922786200E+01
1.7996801494783E+01
1.8447174816335E+01
1.8676612077986E+01
1.8669494917668E+01
1.8482723581078E+01
1.8212702170853E+01
1.7910708543363E+01
1.7623409058368E+01
1.7396604415765E+01
1.7265338400001E+01
1.7326676043786E+01
1.7625105617743E+01
1.8072814977605E+01
1.8516731915316E+01
1.8763236776014E+01
1.8763884494862E+01
1.8567064184555E+01
1.8283565427469E+01
1.7969296958164E+01
1.7677413395376E+01
1.7450542482404E+01
1.7323127918150E+01
1.7385975991844E+01
1.7681266085580E+01
1.8122743584785E+01
1.8560823266286E+01
1.8823811191247E+01
1.8807039654907E+01
1.8610696004229E+01
1.8324055506710E+01
1.8005310590600E+01
1.7713874196533E+01
1.7488869343044E+01
1.7366076907533E+01
1.7430078301939E+01
1.7722919988299E+01
1.8159352095821E+01
1.8592206205077E+01
1.8858058918877E+01
1.8844219094322E+01
1.8645615368926E+01
1.8352750789896E+01
1.8031515289812E+01
1.7740316213599E+01
1.7517543544671E+01
1.7397392128177E+01
1.7461488214572E+01
1.7752381740319E+01
1.8185113544299E+01
1.8613836641880E+01
1.8877444781258E+01
1.8869044731003E+01
1.8667029137759E+01
1.8370103118837E+01
1.8049469515025E+01
1.7759998479099E+01
1.7538554752038E+01
1.7420233140174E+01
1.7483947770828E+01
1.7773232704694E+01
1.8203148402005E+01
1.8628855229190E+01
1.8890179867887E+01
1.8885219217494E+01
1.8678864336411E+01
1.8383014820996E+01
1.8061931678297E+01
1.7773120439943E+01

1.5000000000000E+01
1.4999999999995E+01
1.4999465660826E+01
1.4993382460098E+01
1.4975182248337E+01
1.4949504313680E+01
1.4921028773374E+01
1.4907191433418E+01
1.4906130762260E+01
1.4908637315894E+01
1.4913853848422E+01
1.4921705915727E+01
1.4925003576179E+01
1.4928192328816E+01
1.4932460851414E+01
1.4935783468379E+01
1.4925684885047E+01
1.4898481077618E+01
1.4878751749665E+01
1.4871916423280E+01
1.4868973864974E+01
1.4874203957847E+01
1.4881105656492E+01
1.4886686816866E+01
1.4889575389348E+01
1.4893782030649E+01
1.4897475032931E+01
1.4900151002171E+01
1.4901865051696E+01
1.4879568048901E+01
1.4852973622730E+01
1.4848351521245E+01
1.4848719977734E+01
1.4852649936195E+01
1.4859456291596E+01
1.4864042802962E+01
1.4866431480116E+01
1.4869740187292E+01
1.4871695917356E+01
1.4873021863175E+01
1.4873958474080E+01
1.4865475667883E+01
1.4835022930876E+01
1.4825926749288E+01
1.4830129089382E+01
1.4835095902726E+01
1.4840696937633E+01
1.4844948624283E+01
1.4847141579957E+01
1.4849424328598E+01
1.4850501055376E+01
1.4851270717231E+01
1.4851903883975E+01
1.4850334411310E+01
1.4822003897819E+01
1.4808886742909E+01
1.4813421534573E+01
1.4819072074719E+01
1.4825152666539E+01
1.4829011643279E+01
1.4830896063194E+01
1.4832889613458E+01
1.4833585111772E+01
1.4834116207228E+01
1.4834160279433E+01
1.4832852438748E+01
1.4812344818763E+01
1.4796722511338E+01
1.4800004706453E+01
1.4805857441076E+01
1.4812331518075E+01
1.4815616499624E+01
1.4817095668009E+01
1.4818504350155E+01
1.4818376289770E+01
1.4817181008146E+01
1.4815137268145E+01
1.4816255228370E+01
1.4805074248964E+01
1.4788756654247E+01
1.4792362939389E+01
1.4796823853089E+01
1.4803344972112E+01
1.4805977941246E+01
1.4806407757418E+01
1.4806427313228E+01
1.4805216871870E+01
1.4803244149776E+01
1.4800722200483E+01
1.4800896677744E+01
1.4799234038982E+01
1.4783755592644E+01
1.4786207171707E+01
1.4789517564310E+01
1.4795181596983E+01
1.4798014285317E+01
1.4797560153487E+01
1.4796674174773E+01
1.4794843874983E+01
1.4792507893430E+01
1.4789806561680E+01
1.4789061953112E+01
1.4795064089636E+01
1.4779606588309E+01
1.4781887043776E+01
1.4783947660401E+01
1.4788703897575E+01
1.4791651705869E+01
1.4790327555554E+01
1.4788748626437E+01
1.4786580729106E+01
1.4784158881579E+01
1.4781395299376E+01
1.4779886902396E+01
1.4790507863843E+01
1.4776652259592E+01
1.4777358709101E+01
1.4779429262901E+01
1.4783518615454E+01
1.4786207346298E+01
1.4784425137637E+01

1.5000000000000E+01
1.5000143359596E+01
1.5001492116009E+01
1.5005665714369E+01
1.5014594792201E+01
1.5029175402960E+01
1.5047754549563E+01
1.5066054423629E+01
1.5075202564205E+01
1.5071913317346E+01
1.5062996361955E+01
1.5053281359107E+01
1.5044832324515E+01
1.5038500599813E+01
1.5034871220689E+01
1.5034903044441E+01
1.5039836820332E+01
1.5049608511282E+01
1.5060963154783E+01
1.5069639195595E+01
1.5071666204978E+01
1.5066453099139E+01
1.5057738370179E+01
1.5048761724367E+01
1.5040878513714E+01
1.5034954312576E+01
1.5031693934018E+01
1.5031970070296E+01
1.5036930900472E+01
1.5046538464890E+01
1.5057946336339E+01
1.5066200695161E+01
1.5067947984422E+01
1.5062527023334E+01
1.5054054105880E+01
1.5045403430575E+01
1.5037720626371E+01
1.5031989410748E+01
1.5028552307697E+01
1.5028527747887E+01
1.5033044780231E+01
1.5042066633415E+01
1.5053089686138E+01
1.5061491135694E+01
1.5063384405584E+01
1.5058184451310E+01
1.5049881271495E+01
1.5041257928225E+01
1.5033863620561E+01
1.5028160633486E+01
1.5024643050418E+01
1.5024318544041E+01
1.5028459504586E+01
1.5037082614119E+01
1.5047855964540E+01
1.5056495128215E+01
1.5058734200704E+01
1.5053863448576E+01
1.5045805243761E+01
1.5037354229543E+01
1.5029986830213E+01
1.5024273867825E+01
1.5020643011629E+01
1.5020133318745E+01
1.5024065478490E+01
1.5032492491251E+01
1.5043140213221E+01
1.5052015404233E+01
1.5054641454954E+01
1.5049979772706E+01
1.5042233413331E+01
1.5033875971097E+01
1.5026526315476E+01
1.5020768500093E+01
1.5017032518792E+01
1.5016375243156E+01
1.5020159613836E+01
1.5028458259437E+01
1.5039042660072E+01
1.5048052237387E+01
1.5051040578786E+01
1.5046756649160E+01
1.5039175833598E+01
1.5031023992328E+01
1.5023716203787E+01
1.5017900164327E+01
1.5014068304982E+01
1.5013298841466E+01
1.5016979446950E+01
1.5025197504028E+01
1.5035755572529E+01
1.5044859068492E+01
1.5048037523996E+01
1.5044143227800E+01
1.5036724307819E+01
1.5028632602604E+01
1.5021299958375E+01
1.5015457829068E+01
1.5011561354493E+01
1.5010716374505E+01
1.5014331544192E+01
1.5022499455687E+01
1.5033039230720E+01
1.5042208544143E+01
1.5045601478560E+01
1.5041926633411E+01
1.5034586276069E+01
1.5026613077090E+01
1.5019359090346E+01
1.5013465499107E+01
1.5009492195779E+01
1.5008580337770E+01
1.5012141301716E+01
1.5020274116773E+01
1.5030803664640E+01
1.5040020310318E+01
1.5043537218114E+01
1.5039965702197E+01
1.5032867074803E+01
1.5024975810455E+01
1.5017622066237E+01

0.0000000000000E+00
1.0482774637604E-03
1.0426819915515E-02
3.8091802293595E-02
9.3772582260883E-02
1.7774613145707E-01
2.7421129071653E-01
3.5452551583426E-01
4.0023571125882E-01
4.0700308289184E-01
3.8757853863107E-01
3.5744133975384E-01
3.2618823913309E-01
2.9953749233287E-01
2.8207880478474E-01
2.8029791991639E-01
3.0373677924996E-01
3.5667838289166E-01
4.2349077594852E-01
4.8112266107383E-01
5.1035074565949E-01
5.0630148311947E-01
4.8064335836221E-01
4.4671127334983E-01
4.1195239236103E-01
3.8204084194431E-01
3.6200194943674E-01
3.5785731693818E-01
3.7799206466796E-01
4.2653022477984E-01
4.9054497469565E-01
5.4411609417254E-01
5.6965796246427E-01
5.6300747802716E-01
5.3613771072322E-01
5.0119790106225E-01
4.6556909985917E-01
4.3502389966224E-01
4.1342507943911E-01
4.0725823107014E-01
4.2474295209749E-01
4.6975616206039E-01
5.3093730756388E-01
5.8328351055089E-01
6.0735619710676E-01
5.9954906841835E-01
5.7176277403789E-01
5.3569437483299E-01
4.9986540075915E-01
4.6857595492464E-01
4.4594031220203E-01
4.3819577349328E-01
4.5390412797453E-01
4.9687284868740E-01
5.5619510729221E-01
6.0794782364247E-01
6.3156733605711E-01
6.2338278520369E-01
5.9512476683155E-01
5.5881225113485E-01
5.2239909213400E-01
4.9049086962160E-01
4.6695468004784E-01
4.5820305707049E-01
4.7289914889529E-01
5.1472335136719E-01
5.7285936954812E-01
6.2421141682509E-01
6.4780573540546E-01
6.3923449075864E-01
6.1117046094348E-01
5.7464707692754E-01
5.3787657639352E-01
5.0540470681510E-01
4.8116683672148E-01
4.7170324794825E-01
4.8570224981074E-01
5.2672930800501E-01
5.8404867927674E-01
6.3497902935797E-01
6.5851838497652E-01
6.5020366752676E-01
6.2206659123654E-01
5.8570187753055E-01
5.4871794534673E-01
5.1582729255172E-01
4.9111588193882E-01
4.8120240458162E-01
4.9477447636979E-01
5.3530526300872E-01
5.9207536268235E-01
6.4265860078295E-01
6.6612499572545E-01
6.5825057961676E-01
6.3015711413596E-01
5.9367081542617E-01
5.5645959607650E-01
5.2330026496504E-01
4.9824417310750E-01
4.8800458869284E-01
5.0126930784732E-01
5.4144161053814E-01
5.9779320792029E-01
6.4807799237166E-01
6.7156933286282E-01
6.6370871774273E-01
6.3557142418557E-01
5.9917448778596E-01
5.6201611141370E-01
5.2858494420986E-01
5.0325476994941E-01
4.9279045559082E-01
5.0584631750259E-01
5.4578305096066E-01
6.0185276351663E-01
6.5191159512408E-01
6.7533359222597E-01
6.6748791258651E-01
6.3974810913199E-01
6.0351213917759E-01
5.6595805663174E-01

0.0000000000000E+00
0.0000000000000E+00
0.0000000000000E+00
0.0000000000000E+00
0.0000000000000E+00
0.0000000000000E+00
0.0000000000000E+00
0.0000000000000E+00
0.0000000000000E+00
0.0000000000000E+00
0.0000000000000E+00
0.0000000000000E+00
0.0000000000000E+00
0.0000000000000E+00
0.0000000000000E+00
0.0000000000000E+00
0.0000000000000E+00
0.0000000000000E+00
0.0000000000000E+00
0.0000000000000E+00
0.0000000000000E+00
0.0000000000000E+00
0.0000000000000E+00
0.0000000000000E+00
0.0000000000000E+00
0.0000000000000E+00
0.0000000000000E+00
0.0000000000000E+00
0.0000000000000E+00
0.0000000000000E+00
0.0000000000000E+00
0.0000000000000E+00
0.0000000000000E+00
0.0000000000000E+00
0.0000000000000E+00
0.0000000000000E+00
0.0000000000000E+00
0.0000000000000E+00
0.0000000000000E+00
0.0000000000000E+00
0.0000000000000E+00
0.0000000000000E+00
0.0000000000000E+00
0.0000000000000E+00
0.0000000000000E+00
0.0000000000000E+00
0.0000000000000E+00
0.0000000000000E+00
0.0000000000000E+00
0.0000000000000E+00
0.0000000000000E+00
0.0000000000000E+00
0.0000000000000E+00
0.0000000000000E+00
0.0000000000000E+00
0.0000000000000E+00
0.0000000000000E+00
0.0000000000000E+00
0.0000000000000E+00
0.0000000000000E+00
0.0000000000000E+00
0.0000000000000E+00
0.0000000000000E+00
0.0000000000000E+00
0.0000000000000E+00
0.0000000000000E+00
0.0000000000000E+00
0.0000000000000E+00
0.0000000000000E+00
0.0000000000000E+00
0.0000000000000E+00
0.0000000000000E+00
0.0000000000000E+00
0.0000000000000E+00
0.0000000000000E+00
0.0000000000000E+00
0.0000000000000E+00
0.0000000000000E+00
0.0000000000000E+00
0.0000000000000E+00
0.0000000000000E+00
0.0000000000000E+00
0.0000000000000E+00
0.0000000000000E+00
0.0000000000000E+00
0.0000000000000E+00
0.0000000000000E+00
0.0000000000000E+00
0.0000000000000E+00
0.0000000000000E+00
0.0000000000000E+00
0.0000000000000E+00
0.0000000000000E+00
0.0000000000000E+00
0.0000000000000E+00
0.0000000000000E+00
0.0000000000000E+00
0.0000000000000E+00
0.0000000000000E+00
0.0000000000000E+00
0.0000000000000E+00
0.0000000000000E+00
0.0000000000000E+00
0.0000000000000E+00
0.0000000000000E+00
0.0000000000000E+00
0.0000000000000E+00
0.0000000000000E+00
0.0000000000000E+00
0.0000000000000E+00
0.0000000000000E+00
0.0000000000000E+00
0.0000000000000E+00
0.0000000000000E+00
0.0000000000000E+00
0.0000000000000E+00
0.0000000000000E+00
0.0000000000000E+00
0.0000000000000E+00
0.0000000000000E+00
0.0000000000000E+00

0.0000000000000E+00
0.0000000000000E+00
0.0000000000000E+00
0.0000000000000E+00
0.0000000000000E+00
0.0000000000000E+00
0.0000000000000E+00
0.0000000000000E+00
0.0000000000000E+00
0.0000000000000E+00
0.0000000000000E+00
0.0000000000000E+00
0.0000000000000E+00
0.0000000000000E+00
0.0000000000000E+00
0.0000000000000E+00
0.0000000000000E+00
0.0000000000000E+00
0.0000000000000E+00
0.0000000000000E+00
0.0000000000000E+00
0.0000000000000E+00
0.0000000000000E+00
0.0000000000000E+00
0.0000000000000E+00
0.0000000000000E+00
0.0000000000000E+00
0.0000000000000E+00
0.0000000000000E+00
0.0000000000000E+00
0.0000000000000E+00
0.0000000000000E+00
0.0000000000000E+00
0.0000000000000E+00
0.0000000000000E+00
0.0000000000000E+00
0.0000000000000E+00
0.0000000000000E+00
0.0000000000000E+00
0.0000000000000E+00
0.0000000000000E+00
0.0000000000000E+00
0.0000000000000E+00
0.0000000000000E+00
0.0000000000000E+00
0.0000000000000E+00
0.0000000000000E+00
0.0000000000000E+00
0.0000000000000E+00
0.0000000000000E+00
0.0000000000000E+00
0.0000000000000E+00
0.0000000000000E+00
0.0000000000000E+00
0.0000000000000E+00
0.0000000000000E+00
0.0000000000000E+00
0.0000000000000E+00
0.0000000000000E+00
0.0000000000000E+00
0.0000000000000E+00
0.0000000000000E+00
0.0000000000000E+00
0.0000000000000E+00
0.0000000000000E+00
0.0000000000000E+00
0.0000000000000E+00
0.0000000000000E+00
0.0000000000000E+00
0.0000000000000E+00
0.0000000000000E+00
0.0000000000000E+00
0.0000000000000E+00
0.0000000000000E+00
0.0000000000000E+00
0.0000000000000E+00
0.0000000000000E+00
0.0000000000000E+00
0.0000000000000E+00
0.0000000000000E+00
0.0000000000000E+00
0.0000000000000E+00
0.0000000000000E+00
0.0000000000000E+00
0.0000000000000E+00
0.0000000000000E+00
0.0000000000000E+00
0.0000000000000E+00
0.0000000000000E+00
0.0000000000000E+00
0.0000000000000E+00
0.0000000000000E+00
0.0000000000000E+00
0.0000000000000E+00
0.0000000000000E+00
0.0000000000000E+00
0.0000000000000E+00
0.0000000000000E+00
0.0000000000000E+00
0.0000000000000E+00
0.0000000000000E+00
0.0000000000000E+00
0.0000000000000E+00
0.0000000000000E+00
0.0000000000000E+00
0.0000000000000E+00
0.0000000000000E+00
0.0000000000000E+00
0.0000000000000E+00
0.0000000000000E+00
0.0000000000000E+00
0.0000000000000E+00
0.0000000000000E+00
0.0000000000000E+00
0.0000000000000E+00
0.0000000000000E+00
0.0000000000000E+00
0.0000000000000E+00
0.0000000000000E+00
0.0000000000000E+00
0.0000000000000E+00

0.0000000000000E+00
0.0000000000000E+00
0.0000000000000E+00
0.0000000000000E+00
0.0000000000000E+00
0.0000000000000E+00
0.0000000000000E+00
0.0000000000000E+00
0.0000000000000E+00
0.0000000000000E+00
0.0000000000000E+00
0.0000000000000E+00
0.0000000000000E+00
0.0000000000000E+00
0.0000000000000E+00
0.0000000000000E+00
0.0000000000000E+00
0.0000000000000E+00
0.0000000000000E+00
0.0000000000000E+00
0.0000000000000E+00
0.0000000000000E+00
0.0000000000000E+00
0.0000000000000E+00
0.0000000000000E+00
0.0000000000000E+00
0.0000000000000E+00
0.0000000000000E+00
0.0000000000000E+00
0.0000000000000E+00
0.0000000000000E+00
0.0000000000000E+00
0.0000000000000E+00
0.0000000000000E+00
0.0000000000000E+00
0.0000000000000E+00
0.0000000000000E+00
0.0000000000000E+00
0.0000000000000E+00
0.0000000000000E+00
0.0000000000000E+00
0.0000000000000E+00
0.0000000000000E+00
0.0000000000000E+00
0.0000000000000E+00
0.0000000000000E+00
0.0000000000000E+00
0.0000000000000E+00
0.0000000000000E+00
0.0000000000000E+00
0.0000000000000E+00
0.0000000000000E+00
0.0000000000000E+00
0.0000000000000E+00
0.0000000000000E+00
0.0000000000000E+00
0.0000000000000E+00
0.0000000000000E+00
0.0000000000000E+00
0.0000000000000E+00
0.0000000000000E+00
0.0000000000000E+00
0.0000000000000E+00
0.0000000000000E+00
0.0000000000000E+00
0.0000000000000E+00
0.0000000000000E+00
0.0000000000000E+00
0.0000000000000E+00
0.0000000000000E+00
0.0000000000000E+00
0.0000000000000E+00
0.0000000000000E+00
0.0000000000000E+00
0.0000000000000E+00
0.0000000000000E+00
0.0000000000000E+00
0.0000000000000E+00
0.0000000000000E+00
0.0000000000000E+00
0.0000000000000E+00
0.0000000000000E+00
0.0000000000000E+00
0.0000000000000E+00
0.0000000000000E+00
0.0000000000000E+00
0.0000000000000E+00
0.0000000000000E+00
0.0000000000000E+00
0.0000000000000E+00
0.0000000000000E+00
0.0000000000000E+00
0.0000000000000E+00
0.0000000000000E+00
0.0000000000000E+00
0.0000000000000E+00
0.0000000000000E+00
0.0000000000000E+00
0.0000000000000E+00
0.0000000000000E+00
0.0000000000000E+00
0.0000000000000E+00
0.0000000000000E+00
0.0000000000000E+00
0.0000000000000E+00
0.0000000000000E+00
0.0000000000000E+00
0.0000000000000E+00
0.0000000000000E+00
0.0000000000000E+00
0.0000000000000E+00
0.0000000000000E+00
0.0000000000000E+00
0.0000000000000E+00
0.0000000000000E+00
0.0000000000000E+00
0.0000000000000E+00
0.0000000000000E+00
0.0000000000000E+00
0.0000000000000E+00
0.0000000000000E+00

0.0000000000000E+00
0.0000000000000E+00
0.0000000000000E+00
0.0000000000000E+00
0.0000000000000E+00
0.0000000000000E+00
0.0000000000000E+00
0.0000000000000E+00
0.0000000000000E+00
0.0000000000000E+00
0.0000000000000E+00
0.0000000000000E+00
0.0000000000000E+00
0.0000000000000E+00
0.0000000000000E+00
0.0000000000000E+00
0.0000000000000E+00
0.0000000000000E+00
0.0000000000000E+00
0.0000000000000E+00
0.0000000000000E+00
0.0000000000000E+00
0.0000000000000E+00
0.0000000000000E+00
0.0000000000000E+00
0.0000000000000E+00
0.0000000000000E+00
0.0000000000000E+00
0.0000000000000E+00
0.0000000000000E+00
0.0000000000000E+00
0.0000000000000E+00
0.0000000000000E+00
0.0000000000000E+00
0.0000000000000E+00
0.0000000000000E+00
0.0000000000000E+00
0.0000000000000E+00
0.0000000000000E+00
0.0000000000000E+00
0.0000000000000E+00
0.0000000000000E+00
0.0000000000000E+00
0.0000000000000E+00
0.0000000000000E+00
0.0000000000000E+00
0.0000000000000E+00
0.0000000000000E+00
0.0000000000000E+00
0.0000000000000E+00
0.0000000000000E+00
0.0000000000000E+00
0.0000000000000E+00
0.0000000000000E+00
0.0000000000000E+00
0.0000000000000E+00
0.0000000000000E+00
0.0000000000000E+00
0.0000000000000E+00
0.0000000000000E+00
0.0000000000000E+00
0.0000000000000E+00
0.0000000000000E+00
0.0000000000000E+00
0.0000000000000E+00
0.0000000000000E+00
0.0000000000000E+00
0.0000000000000E+00
0.0000000000000E+00
0.0000000000000E+00
0.0000000000000E+00
0.0000000000000E+00
0.0000000000000E+00
0.0000000000000E+00
0.0000000000000E+00
0.0000000000000E+00
0.0000000000000E+00
0.0000000000000E+00
0.0000000000000E+00
0.0000000000000E+00
0.0000000000000E+00
0.0000000000000E+00
0.0000000000000E+00
0.0000000000000E+00
0.0000000000000E+00
0.0000000000000E+00
0.0000000000000E+00
0.0000000000000E+00
0.0000000000000E+00
0.0000000000000E+00
0.0000000000000E+00
0.0000000000000E+00
0.0000000000000E+00
0.0000000000000E+00
0.0000000000000E+00
0.0000000000000E+00
0.0000000000000E+00
0.0000000000000E+00
0.0000000000000E+00
0.0000000000000E+00
0.0000000000000E+00
0.0000000000000E+00
0.0000000000000E+00
0.0000000000000E+00
0.0000000000000E+00
0.0000000000000E+00
0.0000000000000E+00
0.0000000000000E+00
0.0000000000000E+00
0.0000000000000E+00
0.0000000000000E+00
0.0000000000000E+00
0.0000000000000E+00
0.0000000000000E+00
0.0000000000000E+00
0.0000000000000E+00
0.0000000000000E+00
0.0000000000000E+00
0.0000000000000E+00
0.0000000000000E+00
0.0000000000000E+00

0.0000000000000E+00
3.6990410293351E-05
4.0674634386501E-04
1.3369686608355E-03
7.9305412766153E-03
1.3754585422024E-02
1.4237069127000E-02
1.5713020441962E-02
1.2090049367980E-02
1.9993339545643E-02
1.9640332686275E-02
1.5116628260469E-02
1.3848746590303E-02
8.7578860504542E-03
7.0878617872692E-03
6.1293099325095E-03
5.7368370123342E-03
1.1734159676985E-02
1.4750666261657E-02
1.6496786011533E-02
2.3002597846095E-02
2.4187214045402E-02
2.5490012901101E-02
2.1543910701940E-02
1.4622176418093E-02
9.5657997034693E-03
6.8829365265517E-03
5.8669791055167E-03
5.9831107186083E-03
7.5647612791601E-03
1.6984210382309E-02
1.3017179004593E-02
3.8226389218755E-02
2.3569263399754E-02
2.0693143712526E-02
2.2970359160771E-02
1.5906631559135E-02
1.0923625567536E-02
7.1838964669354E-03
6.0937778150870E-03
6.1773331148873E-03
7.6645677829537E-03
1.1098456538461E-02
1.3528126481778E-02
2.4580758205912E-02
2.5356136932045E-02
2.6710397812325E-02
2.0665625480177E-02
1.7321909813063E-02
1.1638112809807E-02
7.4433911291728E-03
7.0730791635785E-03
6.9807371657919E-03
8.2558138683727E-03
1.0748376482533E-02
1.5778698188984E-02
1.8289538851576E-02
2.5202333598546E-02
2.8473138162052E-02
2.2510992123369E-02
1.7714394168133E-02
1.1634673846878E-02
8.5089609537089E-03
7.5313945899950E-03
7.3762718476769E-03
8.5487473314047E-03
1.1087284499360E-02
1.7087140173498E-02
2.0189605887543E-02
2.5952883742947E-02
2.5691256200955E-02
2.1236659567842E-02
1.8118697722546E-02
1.1836112077367E-02
8.0922202679682E-03
7.8130774141622E-03
7.6372112135550E-03
8.8268907927236E-03
1.0168219593399E-02
1.7155605191929E-02
1.9310192980456E-02
2.7024012319285E-02
2.3925884325529E-02
2.1151065911053E-02
1.7402642530959E-02
1.2032332320758E-02
8.2678075986587E-03
7.9814988387251E-03
7.7823510909048E-03
9.0096419431431E-03
1.0902770503317E-02
1.7836523775718E-02
2.3678584642077E-02
2.8806876723418E-02
2.3287476567206E-02
2.1036794241965E-02
1.7845311646384E-02
1.2002094234075E-02
8.3954066354149E-03
8.1186564215106E-03
7.8949976548321E-03
9.1179155414146E-03
1.1317609852728E-02
1.4987074430751E-02
2.3334959518611E-02
2.4074285135172E-02
2.1806449853967E-02
2.1423649388514E-02
1.6925957826623E-02
1.2166437909824E-02
8.4722960939433E-03
8.2011501143986E-03
7.9588473235926E-03
9.1780113999904E-03
1.1357107380569E-02
1.3473350886949E-02
2.6240207774315E-02
2.8124670688749E-02
2.5705503401360E-02
2.1261959415928E-02
1.6843678845486E-02

0.0000000000000E+00
1.6025434439534E-05
1.3073181328549E-04
7.0880101325022E-04
6.8938226343871E-03
1.0714617283306E-02
1.1144914333078E-02
1.2781899071251E-02
9.3061765084482E-03
1.3105107027334E-02
1.2293990824271E-02
7.3244696397376E-03
7.2118199772284E-03
7.0855223647860E-03
4.3797453814472E-03
3.5278702251851E-03
3.1746781526896E-03
8.6135502556270E-03
1.1693710535091E-02
9.1500935267447E-03
9.3206449313988E-03
1.0023231116864E-02
7.7847669024726E-03
7.2243545688350E-03
4.5598504073851E-03
4.7144218063682E-03
3.2064683747344E-03
2.6940185968495E-03
2.7379250058322E-03
3.6393168649319E-03
1.0392868964668E-02
1.1021934567803E-02
9.1383685435085E-03
7.1645663978796E-03
6.0713136272264E-03
5.4816175741567E-03
5.5163765570681E-03
3.8843215107256E-03
3.0096665268021E-03
2.8286435932914E-03
2.9096956714562E-03
4.0002705325626E-03
5.1322188985988E-03
8.9568438348649E-03
9.1412354252425E-03
6.4781572265510E-03
8.0903205507364E-03
5.6719340613675E-03
5.0162359889366E-03
4.1375238086206E-03
3.0863064201325E-03
2.9839105841697E-03
3.2391637311404E-03
4.1671686099412E-03
4.8958546209932E-03
8.5780906674399E-03
8.7378947043685E-03
7.3321100783931E-03
6.1379873056461E-03
5.5196235901946E-03
4.8409656945104E-03
4.1462572538644E-03
3.2575284218938E-03
3.1718233657693E-03
3.3757440133361E-03
4.2183987635994E-03
4.8516373169617E-03
7.6630465015568E-03
1.0261681626364E-02
6.3161856657818E-03
5.8761192736683E-03
5.8105820437810E-03
5.0282115684684E-03
4.1691126932040E-03
3.3895369041843E-03
3.2901598144273E-03
3.4676495735527E-03
4.2501524293576E-03
5.7143839101229E-03
6.5775705837757E-03
9.9506986847367E-03
6.4518871495347E-03
6.1781250664596E-03
5.5197203332190E-03
4.9742097468114E-03
4.1617564994820E-03
3.4528423925900E-03
3.3971235058940E-03
3.5259524089471E-03
4.2703140211511E-03
5.9964853842097E-03
6.1721579099934E-03
6.5123318511615E-03
6.9964423420947E-03
6.4130669698581E-03
5.4827020559611E-03
4.9485320325701E-03
4.1432606408467E-03
3.5250698136769E-03
3.4907341406224E-03
3.5663233644278E-03
4.2859112570936E-03
5.7313052564880E-03
5.2661141505918E-03
6.8932556393120E-03
7.7912361615742E-03
6.1219205705513E-03
5.5371925288498E-03
4.8903320563723E-03
4.1339267759610E-03
3.5731175793718E-03
3.5538699551619E-03
3.5967281326601E-03
4.2964944870912E-03
5.2352221347898E-03
5.1495376072934E-03
1.0368843876192E-02
6.5452173078062E-03
6.0812222689721E-03
5.5791662223556E-03
4.8347568819619E-03

0.0000000000000E+00
3.6767143762890E-05
4.3643873222104E-04
2.1027744991374E-03
4.7050561320318E-02
7.4000062457611E-02
9.0689411418734E-02
8.5791201875444E-02
7.6968850034740E-02
8.8230247709876E-02
9.7428872796445E-02
8.3462236683896E-02
7.6685794497365E-02
5.4777768641505E-02
4.3795208949183E-02
3.5995465705051E-02
3.3530247215997E-02
5.9044967665319E-02
8.4107628360626E-02
7.9184680141818E-02
1.3291502144617E-01
1.1924938248386E-01
1.2406055644201E-01
9.5220473051412E-02
7.0017770259342E-02
5.5014251807687E-02
3.8146721699840E-02
3.1055894776982E-02
3.1812188901936E-02
4.2539631528366E-02
8.6714400536222E-02
7.2465641070360E-02
1.2294172349865E-01
1.2053593328645E-01
1.0621727017427E-01
1.2487521075042E-01
7.9418893034076E-02
5.5527545145402E-02
3.8882477917382E-02
2.8842088877589E-02
3.0331852379496E-02
4.3161605446578E-02
5.2620462479584E-02
7.5880680108659E-02
1.3394021992491E-01
1.1814862757472E-01
1.2687369116910E-01
1.1139305988891E-01
8.9002939812582E-02
5.7106792013698E-02
3.7367257595374E-02
2.8063702486567E-02
3.2860963013489E-02
4.4305934209278E-02
5.0281645923183E-02
7.3426135609073E-02
9.0809926389601E-02
1.3089090794234E-01
1.4585128358683E-01
1.0704894453430E-01
9.2383735508201E-02
5.7653944514083E-02
4.4818200618795E-02
3.1048874660376E-02
3.5415199855806E-02
4.4267048802736E-02
5.2912784543921E-02
9.2186809346638E-02
1.0923412914143E-01
1.2175586527107E-01
1.3692025162358E-01
1.0537574744871E-01
9.7526362685543E-02
5.8729565944923E-02
3.8611431314886E-02
3.2041404950255E-02
3.6698710646773E-02
4.4441376145136E-02
5.3627983556846E-02
8.2630095625627E-02
1.1153010874246E-01
1.2969656243629E-01
1.1409256753124E-01
1.0794213633772E-01
8.9125378771016E-02
5.9360500098189E-02
3.8663995589638E-02
3.2673428145104E-02
3.7515590030615E-02
4.4611593609602E-02
5.8515093020602E-02
8.0008164071111E-02
1.1551042877789E-01
1.3623230527599E-01
1.2068375659535E-01
1.0151704111684E-01
9.9009930852336E-02
5.9152957436862E-02
3.7719379266779E-02
3.2887458520462E-02
3.7912316909150E-02
4.4791626959168E-02
5.9002730568780E-02
7.9395948836391E-02
1.0651955399274E-01
1.0757329143560E-01
1.1898331208370E-01
1.1449661051866E-01
8.6182781354472E-02
5.9271086802232E-02
3.8239419967566E-02
3.3125452211456E-02
3.8190177517619E-02
4.4866808349174E-02
5.7882722182173E-02
7.5219492424548E-02
1.5191737091282E-01
1.3702199883196E-01
1.2816076818436E-01
1.0356433210095E-01
8.0585605422751E-02

0.0000000000000E+00
3.6996750479180E-05
4.0677854983906E-04
1.3370248779133E-03
7.9311864982220E-03
1.3719997731994E-02
1.4236091777930E-02
1.5707009421870E-02
1.2085728373289E-02
1.9939464793915E-02
1.9626954857309E-02
1.5121615092736E-02
1.3877612854535E-02
8.7551791954331E-03
7.0890981478828E-03
6.1292756774196E-03
5.7368347338873E-03
1.1723427087346E-02
1.4747604919042E-02
1.6492834419779E-02
2.3040041944442E-02
2.4181147385468E-02
2.5471724851840E-02
2.1541720841563E-02
1.4622770859925E-02
9.5646058461828E-03
6.8828608942799E-03
5.8669430206611E-03
5.9831646390361E-03
7.5648222599419E-03
1.7004662788042E-02
1.3028645678838E-02
3.0859320519414E-02
2.3568038504128E-02
2.0691595885429E-02
2.2956483183571E-02
1.5902274682934E-02
1.0923509157049E-02
7.1838395169748E-03
6.0937810598240E-03
6.1773352930421E-03
7.6646399775181E-03
1.1098679058498E-02
1.3525902510801E-02
2.4547415845523E-02
2.5375492688093E-02
2.6703999224032E-02
2.0665775933466E-02
1.7322693332186E-02
1.1638050411694E-02
7.4432164010945E-03
7.0730743901560E-03
6.9807327187361E-03
8.2559320442524E-03
1.0748617813329E-02
1.5775410831164E-02
1.8294698793852E-02
2.5217425603799E-02
2.8463487112343E-02
2.2517284811433E-02
1.7710277560397E-02
1.1634370734979E-02
8.5093363991505E-03
7.5313859361247E-03
7.3762658221117E-03
8.5488865167385E-03
1.1086999948456E-02
1.7122157537874E-02
2.0188398154108E-02
2.5960784835713E-02
2.5665742307129E-02
2.1232264196966E-02
1.8117368090596E-02
1.1835860657959E-02
8.0922034066996E-03
7.8130669618327E-03
7.6372042900111E-03
8.8270489524358E-03
1.0167444966601E-02
1.7167588110219E-02
1.9319959858289E-02
2.7040404014753E-02
2.3937326817294E-02
2.1153966579252E-02
1.7401664078305E-02
1.2032111179545E-02
8.2677815860759E-03
7.9814872614237E-03
7.7823431723148E-03
9.0097984662659E-03
1.0903510245986E-02
1.7857817382908E-02
2.3660702071473E-02
2.8787801545737E-02
2.3275565747576E-02
2.1030102300576E-02
1.7843525770208E-02
1.2001889124366E-02
8.3953923980686E-03
8.1186441681695E-03
7.8949887447992E-03
9.1180714102955E-03
1.1317667431495E-02
1.5007474688397E-02
2.3329004478158E-02
2.4085026674381E-02
2.1800536587085E-02
2.1408455749864E-02
1.6925357365154E-02
1.2166148155471E-02
8.4722860956235E-03
8.2011375435629E-03
7.9588375278850E-03
9.1781664863310E-03
1.1356673446702E-02
1.3470081801631E-02
2.6170391864388E-02
2.8120673863727E-02
2.5690634905193E-02
2.1268061967825E-02
1.6843985907848E-02

0.0000000000000E+00
1.6027314845126E-05
1.3074715150779E-04
7.0884024929867E-04
3.6141344208827E-03
5.6277773855292E-03
7.2167071975524E-03
6.8956295240294E-03
6.4938950243341E-03
7.1761000535591E-03
6.8377921584019E-03
4.8227622484662E-03
4.3594352755651E-03
4.1625683230699E-03
2.9002308665190E-03
2.4477240078146E-03
2.5374616610529E-03
4.3312052158250E-03
5.9104527697764E-03
5.8353300906836E-03
6.2000977972047E-03
5.7795426405242E-03
5.5525445215793E-03
5.1289796381862E-03
3.8475130598326E-03
3.2815252783768E-03
2.8644903259828E-03
2.6940153299293E-03
2.7379317599478E-03
3.6393844075386E-03
6.3949932746165E-03
5.7640942071715E-03
5.8010699715247E-03
5.8651836462645E-03
6.0715674144952E-03
5.4811818922282E-03
4.8785215602715E-03
3.8843254771886E-03
3.0096454905968E-03
2.8286419469188E-03
2.9097035787692E-03
4.0003202935610E-03
4.9499055232835E-03
5.6790843363094E-03
5.7492481545247E-03
5.9422081716286E-03
6.0503328231844E-03
5.6721210101314E-03
5.0162098199556E-03
4.1374892061932E-03
3.0862828798388E-03
2.9077337491737E-03
3.2392037356818E-03
4.1672095449420E-03
4.8958841898540E-03
5.5799052864878E-03
5.6434729388549E-03
6.5619461409836E-03
6.1376480646476E-03
5.5195407890372E-03
4.8409014021477E-03
4.1462259489176E-03
3.2022189869517E-03
2.9698101354764E-03
3.3757799687643E-03
4.2184358775750E-03
4.8516619084893E-03
5.4324642335631E-03
6.5106154412425E-03
6.3162610919919E-03
5.8757812777520E-03
5.8106209502671E-03
5.0281127099306E-03
4.1690749426956E-03
3.3450086156039E-03
3.1069385709524E-03
3.4676829273906E-03
4.2501868641444E-03
4.8293911620547E-03
5.3195105871614E-03
5.4107367834392E-03
6.4523801144500E-03
6.1781345482124E-03
5.5197768592861E-03
4.9742096022826E-03
4.1617211599876E-03
3.4528325498821E-03
3.1895495196651E-03
3.5259841161857E-03
4.2703464036986E-03
4.8149756219896E-03
5.2446256100688E-03
5.3586706274326E-03
6.9992801290070E-03
6.4129603349351E-03
5.4824939992035E-03
4.9483868708363E-03
4.1432198998495E-03
3.5250571567097E-03
3.2476934426816E-03
3.5663540324561E-03
4.2859425295656E-03
4.8075424006192E-03
5.1896814894346E-03
5.2960829099651E-03
5.7417416507381E-03
6.1218927381508E-03
5.5371184074326E-03
4.8902645674105E-03
4.1338804736348E-03
3.5731041356573E-03
3.2865319050030E-03
3.5967578641164E-03
4.2965247600408E-03
4.8044311012621E-03
5.1495542918534E-03
5.6211352568055E-03
6.5449846787719E-03
6.0813473454397E-03
5.5790401842509E-03
4.8348434727097E-03

0.0000000000000E+00
3.6774001258617E-05
4.3647906702163E-04
2.1029141392876E-03
4.7054486024612E-02
7.4054317042977E-02
9.0729008336952E-02
8.5780230132602E-02
7.6929214880680E-02
8.8240369866655E-02
9.7570191758497E-02
8.3463589058420E-02
7.6497003477879E-02
5.4784895166431E-02
4.3797896681318E-02
3.5995203608538E-02
3.3530288082045E-02
5.9063998945973E-02
8.4215542624072E-02
7.9119086238759E-02
1.3282640247637E-01
1.1933158664614E-01
1.2401103243999E-01
9.5235502776411E-02
7.0028738537960E-02
5.4983390520180E-02
3.8146226558302E-02
3.1055667538895E-02
3.1812522131943E-02
4.2540136316942E-02
8.6696970104602E-02
7.2456077087331E-02
1.2302877622744E-01
1.2048916906085E-01
1.0618536433237E-01
1.2482030629272E-01
7.9392765174825E-02
5.5528864168791E-02
3.8882032556722E-02
2.8841808870740E-02
3.0332297980864E-02
4.3162186696467E-02
5.2621867521901E-02
7.5906015096194E-02
1.3387355969519E-01
1.1810646142403E-01
1.2685165958918E-01
1.1138190666281E-01
8.9005075420698E-02
5.7105417807116E-02
3.7366345227239E-02
2.8063626977899E-02
3.2861443293909E-02
4.4306412728986E-02
5.0282548193179E-02
7.3418983569325E-02
9.0810207755654E-02
1.3092532142045E-01
1.4586070487073E-01
1.0709245132163E-01
9.2354609456369E-02
5.7652613469813E-02
4.4817215853240E-02
3.1048795285563E-02
3.5415663475813E-02
4.4267105112440E-02
5.2910808400239E-02
9.2144430339135E-02
1.0928534343452E-01
1.2173690712289E-01
1.3684034372721E-01
1.0536537995190E-01
9.7563695242936E-02
5.8728258601986E-02
3.8611018388464E-02
3.2041325240426E-02
3.6699149576295E-02
4.4441339906807E-02
5.3633758144456E-02
8.2527008766570E-02
1.1151885928353E-01
1.2961028559396E-01
1.1405316681286E-01
1.0795565041699E-01
8.9124609998186E-02
5.9359140204137E-02
3.8663461263325E-02
3.2673377922939E-02
3.7516016032851E-02
4.4611476347046E-02
5.8517618182033E-02
7.9974578513456E-02
1.1551333220107E-01
1.3618043627985E-01
1.2063692650097E-01
1.0151551747201E-01
9.8999489945069E-02
5.9151575362751E-02
3.7719118855443E-02
3.2887423910452E-02
3.7912744158055E-02
4.4791466836173E-02
5.8999273557328E-02
7.9352686590107E-02
1.0647545605472E-01
1.0758037586971E-01
1.1894185770235E-01
1.1443018110416E-01
8.6181962690961E-02
5.9269169835794E-02
3.8237984071221E-02
3.3125423667412E-02
3.8190601878269E-02
4.4866619275866E-02
5.7875946707279E-02
7.5181399174297E-02
1.5208657708598E-01
1.3698363446874E-01
1.2810195048313E-01
1.0356661694872E-01
8.0597702663111E-02

0.0000000000000E+00
3.6774001258617E-05
4.3647906702163E-04
2.1029141392876E-03
4.7054486024612E-02
7.4054317042977E-02
9.0729008336952E-02
8.5780230132602E-02
7.6929214880680E-02
8.8240369866655E-02
9.7570191758497E-02
8.3463589058420E-02
7.6497003477879E-02
5.4784895166431E-02
4.3797896681318E-02
3.5995203608538E-02
3.3530288082045E-02
5.9063998945973E-02
8.4215542624072E-02
7.9119086238759E-02
1.3282640247637E-01
1.1933158664614E-01
1.2401103243999E-01
9.5235502776411E-02
7.0028738537960E-02
5.4983390520180E-02
3.8146226558302E-02
3.1055667538895E-02
3.1812522131943E-02
4.2540136316942E-02
8.6696970104602E-02
7.2456077087331E-02
1.2302877622744E-01
1.2048916906085E-01
1.0618536433237E-01
1.2482030629272E-01
7.9392765174825E-02
5.5528864168791E-02
3.8882032556722E-02
2.8841808870740E-02
3.0332297980864E-02
4.3162186696467E-02
5.2621867521901E-02
7.5906015096194E-02
1.3387355969519E-01
1.1810646142403E-01
1.2685165958918E-01
1.1138190666281E-01
8.9005075420698E-02
5.7105417807116E-02
3.7366345227239E-02
2.8063626977899E-02
3.2861443293909E-02
4.4306412728986E-02
5.0282548193179E-02
7.3418983569325E-02
9.0810207755654E-02
1.3092532142045E-01
1.4586070487073E-01
1.0709245132163E-01
9.2354609456369E-02
5.7652613469813E-02
4.4817215853240E-02
3.1048795285563E-02
3.5415663475813E-02
4.4267105112440E-02
5.2910808400239E-02
9.2144430339135E-02
1.0928534343452E-01
1.2173690712289E-01
1.3684034372721E-01
1.0536537995190E-01
9.7563695242936E-02
5.8728258601986E-02
3.8611018388464E-02
3.2041325240426E-02
3.6699149576295E-02
4.4441339906807E-02
5.3633758144456E-02
8.2527008766570E-02
1.1151885928353E-01
1.2961028559396E-01
1.1405316681286E-01
1.0795565041699E-01
8.9124609998186E-02
5.9359140204137E-02
3.8663461263325E-02
3.2673377922939E-02
3.7516016032851E-02
4.4611476347046E-02
5.8517618182033E-02
7.9974578513456E-02
1.1551333220107E-01
1.3618043627985E-01
1.2063692650097E-01
1.0151551747201E-01
9.8999489945069E-02
5.9151575362751E-02
3.7719118855443E-02
3.2887423910452E-02
3.7912744158055E-02
4.4791466836173E-02
5.8999273557328E-02
7.9352686590107E-02
1.0647545605472E-01
1.0758037586971E-01
1.1894185770235E-01
1.1443018110416E-01
8.6181962690961E-02
5.9269169835794E-02
3.8237984071221E-02
3.3125423667412E-02
3.8190601878269E-02
4.4866619275866E-02
5.7875946707279E-02
7.5181399174297E-02
1.5208657708598E-01
1.3698363446874E-01
1.2810195048313E-01
1.0356661694872E-01
8.0597702663111E-02

0.0000000000000E+00
1.0551230303807E-11
1.0044868631705E-09
1.2101574967109E-08
6.3401697937849E-08
1.8163173267859E-07
3.1804557195023E-07
3.2039143934316E-07
2.2390562071305E-07
1.5671850013950E-07
1.1197476342757E-07
8.3772137796703E-08
6.5323158640219E-08
5.4004374679778E-08
4.8238411664055E-08
5.2542179632035E-08
7.9787429563057E-08
1.4444065465789E-07
2.0951247048215E-07
2.3337877505222E-07
2.0558122361737E-07
1.6481142425109E-07
1.3105174627887E-07
1.0612919129385E-07
8.6979257308754E-08
7.3449389627679E-08
6.7812400808955E-08
7.3540954842258E-08
1.0260211213384E-07
1.6648237780880E-07
2.3816244103916E-07
2.6080442801482E-07
2.2656266082554E-07
1.8496506819554E-07
1.5281895824872E-07
1.2622958370345E-07
1.0651845781478E-07
9.2021350994552E-08
8.7146591879916E-08
9.4107928285424E-08
1.2442290256127E-07
1.8754136970053E-07
2.5959929443407E-07
2.8614318085552E-07
2.5001203590072E-07
2.0557539906326E-07
1.7312708657903E-07
1.4452488834751E-07
1.2474679798374E-07
1.1077948471137E-07
1.0393847156253E-07
1.1009399505348E-07
1.4044901603213E-07
2.0316339035218E-07
2.7469414888551E-07
3.0520971290504E-07
2.6672020081896E-07
2.2102644968814E-07
1.8634378888419E-07
1.6023848211843E-07
1.3843037463576E-07
1.2433652472492E-07
1.1621410495871E-07
1.2147563237499E-07
1.5180249526725E-07
2.1450196592714E-07
2.8581068313109E-07
3.1894966290135E-07
2.8181179753015E-07
2.3553469862771E-07
2.0211487864891E-07
1.7038129643103E-07
1.4889807407980E-07
1.3387790590687E-07
1.2456384818911E-07
1.2918830741118E-07
1.5960267018168E-07
2.2237234409240E-07
2.9346223954576E-07
3.2759962924656E-07
2.9113440728036E-07
2.4655491303110E-07
2.1016544785048E-07
1.8082684680538E-07
1.5767201126552E-07
1.4120262644161E-07
1.3088240284814E-07
1.3500999988711E-07
1.6563306949633E-07
2.2856172349685E-07
2.9943279987027E-07
3.3411547281209E-07
2.9916856745820E-07
2.5454003399622E-07
2.1740075706467E-07
1.8695691837804E-07
1.6355839955107E-07
1.4649315026628E-07
1.3531914956678E-07
1.3919724358119E-07
1.7002467941313E-07
2.3311427648288E-07
3.0374149973667E-07
3.3887285001348E-07
3.0511380201271E-07
2.5630256625755E-07
2.2463345280605E-07
1.9213480574575E-07
1.6911023486471E-07
1.5040399142666E-07
1.3859379115084E-07
1.4220361782528E-07
1.7318834640626E-07
2.3643317161360E-07
3.0685576225252E-07
3.4208725490500E-07
3.0846592182172E-07
2.6341152968136E-07
2.2708558960933E-07
1.9692570251228E-07
1.7029110333264E-07

0.0000000000000E+00
1.0923555888100E-07
8.7417164398461E-06
2.2786721730159E-04
5.1543233372476E-03
1.2750913739482E-02
1.4651915021394E-02
1.7483295040287E-02
1.3261184333966E-02
1.9232541217575E-02
1.6929152235789E-02
7.8409578151297E-03
8.5347110370973E-03
6.3097923191683E-03
3.0878752368862E-03
2.3953786869672E-03
2.6131011717274E-03
8.0460025741379E-03
1.4561662463917E-02
1.0521286788753E-02
1.4678593815242E-02
1.1787541503692E-02
1.2946297135247E-02
1.2078942568298E-02
6.2635985201326E-03
4.3903945920531E-03
3.2859645859550E-03
2.9764104285368E-03
3.0882796564474E-03
4.8612764408400E-03
1.2185384380661E-02
1.2972968776594E-02
1.3961002247020E-02
1.5066976167908E-02
1.5871060978010E-02
1.3174937689280E-02
1.0055562887034E-02
6.2808074071866E-03
3.6804816024166E-03
3.3148173072046E-03
3.5158507957888E-03
5.5446929236961E-03
7.8543568052750E-03
9.9065484390396E-03
1.1368485903937E-02
1.6586353937648E-02
1.7826508275769E-02
1.4080022234489E-02
1.1080849646075E-02
7.2049153410255E-03
3.8931664579376E-03
3.5757755659830E-03
3.9190829639234E-03
5.8688832075279E-03
7.6531090322418E-03
9.5648050193776E-03
1.3274770988181E-02
1.9204911473362E-02
1.8737447687372E-02
1.3923869372045E-02
9.9635115801567E-03
7.2400739848182E-03
4.1964869164587E-03
3.6858561123248E-03
4.1544029455090E-03
5.9618485283708E-03
7.5051723769118E-03
9.1225648558872E-03
1.7120567956560E-02
1.8558584727988E-02
1.4916964828256E-02
1.5696800147158E-02
1.1215337919249E-02
7.3425737086249E-03
4.1052164224619E-03
3.7713752091176E-03
4.3161252720505E-03
6.0166374978943E-03
7.4266797249040E-03
8.7673251275186E-03
1.0534840285358E-02
1.8285081711189E-02
1.6650293062554E-02
1.3399834103388E-02
1.0938760168292E-02
7.3340160821597E-03
4.1390956591425E-03
3.8705880272266E-03
4.4213207449565E-03
6.0516078651875E-03
7.3773364059031E-03
8.5407082802856E-03
1.3445316671889E-02
1.9306468247782E-02
1.7373749205422E-02
1.3184003480374E-02
1.0619071828073E-02
7.2808112904078E-03
4.2200523694639E-03
3.9561267312636E-03
4.4939259320779E-03
6.0783255204960E-03
7.3481098713192E-03
8.3729231111820E-03
1.2304839104872E-02
1.6004199684199E-02
1.5711485021696E-02
1.3016909394980E-02
1.0143374609746E-02
7.2719240422290E-03
4.2740245949216E-03
4.0215126860921E-03
4.5494218398142E-03
6.0962395065138E-03
7.3331567910649E-03
8.2549932708610E-03
1.5015365856652E-02
1.9341085997821E-02
1.7075088506443E-02
1.4077936175064E-02
1.0244695591525E-02

0.0000000000000E+00
7.3073916439566E-10
4.3427998143159E-08
1.1426204128761E-06
2.7853301484775E-05
8.7624891660540E-05
1.3612665020116E-04
1.9048848279701E-04
2.0292349618691E-04
1.8018483120805E-04
1.2261236875117E-04
8.1708050591480E-05
5.8028584085672E-05
4.0803496983918E-05
2.7248145886113E-05
2.0446370189941E-05
2.2088320067624E-05
7.8743377047368E-05
1.3778569491661E-04
1.6333846116447E-04
1.8408942427708E-04
1.6224539735785E-04
1.2438408055807E-04
9.5526946057288E-05
6.0219073194479E-05
5.2576278888995E-05
4.0825267998507E-05
3.7052041192298E-05
4.2779384970713E-05
6.0828008982554E-05
1.3680763990533E-04
1.7037498228404E-04
2.0736226361634E-04
1.9068919290391E-04
1.4513885036437E-04
1.1676506707543E-04
8.4937338399050E-05
6.7972119257342E-05
6.5412254708921E-05
6.2061593843463E-05
6.6056168306773E-05
8.0837856909051E-05
1.2141278961405E-04
1.8143793208353E-04
2.1199950302145E-04
2.0682728453078E-04
1.5942513768768E-04
1.3216192109998E-04
1.0453585826805E-04
8.6306129163736E-05
8.5299075914281E-05
7.9604197284262E-05
8.0476523798537E-05
9.3838059340207E-05
1.1782419911966E-04
1.8023623461672E-04
2.2761566036555E-04
2.2736105314512E-04
1.8576365615090E-04
1.4320663369605E-04
1.1899535409284E-04
1.0149068389321E-04
9.9839963083180E-05
9.0622919873444E-05
8.9059114624467E-05
1.0152338971260E-04
1.2166533293325E-04
1.7856656832028E-04
2.1831264758041E-04
2.3034482978207E-04
1.8496266876425E-04
1.6227161672087E-04
1.3394610804643E-04
1.1475953018952E-04
1.1006767438829E-04
9.8047624794565E-05
9.5536376222067E-05
1.0751900036860E-04
1.2755265950299E-04
1.6767997610205E-04
2.2015030529287E-04
2.3185125577701E-04
1.9537715972571E-04
1.6499250712292E-04
1.4272533958666E-04
1.2355942188364E-04
1.1633538035863E-04
1.0294079035258E-04
9.9945987955592E-05
1.1167828863245E-04
1.3167738545435E-04
1.5847246550209E-04
2.2438538335215E-04
2.3160273237696E-04
2.1223557505621E-04
1.7402012022466E-04
1.4978284893102E-04
1.2953525185476E-04
1.2172335808130E-04
1.0696744880209E-04
1.0366265984949E-04
1.1516950831972E-04
1.3491493036588E-04
1.5849897009807E-04
2.3125849860249E-04
2.3853304342898E-04
2.0563840130903E-04
1.8032181410569E-04
1.5448916454934E-04
1.3563761619480E-04
1.2485467649285E-04
1.0966922201650E-04
1.0619907384327E-04
1.1759335898178E-04
1.3714680301884E-04
1.5894992243758E-04
2.2233848285854E-04
2.4477900227412E-04
2.1254489941820E-04
1.8330802419266E-04
1.6267850974190E-04

1.4940056250000E+13
1.4940056250000E+13
1.4940056250000E+13
1.4940056250000E+13
1.4940056250000E+13
1.4940056250000E+13
1.4940056250000E+13
1.4940056250000E+13
1.4940056250000E+13
1.4940056250000E+13
1.4940056250000E+13
1.4940056250000E+13
1.4940056250000E+13
1.4940056250000E+13
1.4940056250000E+13
1.4940056250000E+13
1.4940056250000E+13
1.4940056250000E+13
1.4940056250000E+13
1.4940056250000E+13
1.4940056250000E+13
1.4940056250000E+13
1.4940056250000E+13
1.4940056250000E+13
1.4940056250000E+13
1.4940056250000E+13
1.4940056250000E+13
1.4940056250000E+13
1.4940056250000E+13
1.4940056250000E+13
1.4940056250000E+13
1.4940056250000E+13
1.4940056250000E+13
1.4940056250000E+13
1.4940056250000E+13
1.4940056250000E+13
1.4940056250000E+13
1.4940056250000E+13
1.4940056250000E+13
1.4940056250000E+13
1.4940056250000E+13
1.4940056250000E+13
1.4940056250000E+13
1.4940056250000E+13
1.4940056250000E+13
1.4940056250000E+13
1.4940056250000E+13
1.4940056250000E+13
1.4940056250000E+13
1.4940056250000E+13
1.4940056250000E+13
1.4940056250000E+13
1.4940056250000E+13
1.4940056250000E+13
1.4940056250000E+13
1.4940056250000E+13
1.4940056250000E+13
1.4940056250000E+13
1.4940056250000E+13
1.4940056250000E+13
1.4940056250000E+13
1.4940056250000E+13
1.4940056250000E+13
1.4940056250000E+13
1.4940056250000E+13
1.4940056250000E+13
1.4940056250000E+13
1.4940056250000E+13
1.4940056250000E+13
1.4940056250000E+13
1.4940056250000E+13
1.4940056250000E+13
1.4940056250000E+13
1.4940056250000E+13
1.4940056250000E+13
1.4940056250000E+13
1.4940056250000E+13
1.4940056250000E+13
1.4940056250000E+13
1.4940056250000E+13
1.4940056250000E+13
1.4940056250000E+13
1.4940056250000E+13
1.4940056250000E+13
1.4940056250000E+13
1.4940056250000E+13
1.4940056250000E+13
1.4940056250000E+13
1.4940056250000E+13
1.4940056250000E+13
1.4940056250000E+13
1.4940056250000E+13
1.4940056250000E+13
1.4940056250000E+13
1.4940056250000E+13
1.4940056250000E+13
1.4940056250000E+13
1.4940056250000E+13
1.4940056250000E+13
1.4940056250000E+13
1.4940056250000E+13
1.4940056250000E+13
1.4940056250000E+13
1.4940056250000E+13
1.4940056250000E+13
1.4940056250000E+13
1.4940056250000E+13
1.4940056250000E+13
1.4940056250000E+13
1.4940056250000E+13
1.4940056250000E+13
1.4940056250000E+13
1.4940056250000E+13
1.4940056250000E+13
1.4940056250000E+13
1.4940056250000E+13
1.4940056250000E+13
1.4940056250000E+13
1.4940056250000E+13
1.4940056250000E+13
1.4940056250000E+13

0.0000000000000E+00
-1.8754820756513E-07
-5.0846114475250E-06
-2.7566009694948E-05
-1.4054967192322E-04
-2.1459697116467E-04
-2.8064972434926E-04
-2.6816337037892E-04
-2.5254036205744E-04
-2.7907055763841E-04
-2.4879225264864E-04
-1.8755186521813E-04
-1.5384202802853E-04
-1.3505690896451E-04
-9.1761988197181E-05
-8.8604366609608E-05
-9.8679064596503E-05
-1.6843575839319E-04
-2.2513689218158E-04
-2.2692950352658E-04
-2.3158801055969E-04
-2.1601137744808E-04
-1.8993950030024E-04
-1.5972668574221E-04
-1.2250633772905E-04
-8.8657742783150E-05
-7.9847579517004E-05
-8.1829299224749E-05
-9.7508066870226E-05
-1.4153161584872E-04
-2.4869418290175E-04
-2.2415921916778E-04
-2.2559716555930E-04
-2.0835867906117E-04
-1.8379734668530E-04
-1.5808086787345E-04
-1.2308678530598E-04
-9.2684853818642E-05
-8.5568618532105E-05
-9.0149738695437E-05
-1.1248471218416E-04
-1.5556801141626E-04
-1.9249632590547E-04
-2.2085327974536E-04
-2.2358187267596E-04
-2.0531005542868E-04
-1.8242430099003E-04
-1.5379022508113E-04
-1.2777552873092E-04
-1.0555208673556E-04
-9.8316803500548E-05
-1.0011917303601E-04
-1.2596903416540E-04
-1.6205814896997E-04
-1.9039549627210E-04
-2.1699631669675E-04
-2.1946839206658E-04
-2.0086962077121E-04
-1.7885725716630E-04
-1.5438200445076E-04
-1.2938010331713E-04
-1.1198818522342E-04
-1.0689383135148E-04
-1.0857986072436E-04
-1.3128033211861E-04
-1.6405028412792E-04
-1.8867574088569E-04
-2.1126249797190E-04
-2.1503051069668E-04
-1.9997692920527E-04
-1.8207048526173E-04
-1.5464234013952E-04
-1.3312203097227E-04
-1.1818359250540E-04
-1.1215907404368E-04
-1.1424460708248E-04
-1.3485433606519E-04
-1.6528504471673E-04
-1.8780965630213E-04
-2.0686985616739E-04
-2.1041754157819E-04
-1.9747534687069E-04
-1.7799686774644E-04
-1.5745817738972E-04
-1.3729577520310E-04
-1.2316557367784E-04
-1.1530079133667E-04
-1.1791681274100E-04
-1.3712160451833E-04
-1.6606902681050E-04
-1.8724905196626E-04
-2.0395766261379E-04
-2.0839274662238E-04
-1.9579166586129E-04
-1.7730996158236E-04
-1.5856719900761E-04
-1.3884400690182E-04
-1.2619209242926E-04
-1.1824381304824E-04
-1.2029979555473E-04
-1.3869154570663E-04
-1.6667554281644E-04
-1.8695998224630E-04
-2.0182094681135E-04
-2.0595877983198E-04
-1.9023061322753E-04
-1.7613484381337E-04
-1.5730672261734E-04
-1.4234221838702E-04
-1.2954806532333E-04
-1.2118041817324E-04
-1.2230375163288E-04
-1.3987391693786E-04
-1.6708707400159E-04
-1.8683898727130E-04
-2.0026044468319E-04
-2.0422576243351E-04
-1.9175704040404E-04
-1.7567375975485E-04
-1.6028001525475E-04
-1.4213511963593E-04

0.0000000000000E+00
3.1890591868435E-07
4.8102713829849E-06
2.6246349395193E-05
1.2895577460356E-04
2.0507543665448E-04
1.9087277954619E-04
2.2879559432665E-04
1.8536926409107E-04
2.3137777730326E-04
2.2955201853778E-04
1.4208286167306E-04
1.5324874717597E-04
1.2302789446994E-04
9.9763513779937E-05
9.5189266970569E-05
9.5349357443231E-05
1.6665329439069E-04
2.2985094104686E-04
1.7649133151164E-04
1.8547038885645E-04
2.0855611033307E-04
2.1593228695031E-04
1.9946031926280E-04
1.4962550788238E-04
1.2761487193687E-04
1.1139684601044E-04
1.0476726283058E-04
1.0647512399797E-04
1.1505421239158E-04
1.5743935055820E-04
2.2183824644681E-04
2.1356830819020E-04
2.2809047513251E-04
2.3611651056370E-04
2.1315707358665E-04
1.8972028289945E-04
1.5105710189067E-04
1.1704176907876E-04
1.1000274238018E-04
1.1315513917436E-04
1.2270892868868E-04
1.4195694201646E-04
1.9441382598499E-04
1.9745615656255E-04
2.3108587334111E-04
2.3529072090161E-04
2.2058248372733E-04
1.9507482633161E-04
1.6090235801862E-04
1.2002211199373E-04
1.1307853469009E-04
1.1854925742740E-04
1.2839349585593E-04
1.4242736865108E-04
1.7047128930450E-04
2.1757411301654E-04
2.5518679437159E-04
2.3868631362518E-04
2.1464880846256E-04
1.8825727675019E-04
1.6124212023568E-04
1.2453073838145E-04
1.1549261637964E-04
1.1957456595835E-04
1.3128167277425E-04
1.5238055891956E-04
1.5961881906298E-04
2.2743274019546E-04
2.4563237579968E-04
2.2850260524591E-04
2.2596859251039E-04
1.9553771649730E-04
1.6213069221594E-04
1.2270025004164E-04
1.1680839564195E-04
1.2079293354249E-04
1.3258894922326E-04
1.5127658081313E-04
1.6048276420707E-04
2.0099168392202E-04
2.5092589333972E-04
2.4026078798604E-04
2.1465798897224E-04
1.9344148453321E-04
1.6184471177729E-04
1.2305831813979E-04
1.1771415869272E-04
1.2151047597698E-04
1.3379735095801E-04
1.5046332302460E-04
1.5739169798805E-04
2.0060845684962E-04
2.4494703025779E-04
2.4939290191414E-04
2.1320809996903E-04
1.9243726719919E-04
1.6112521832748E-04
1.2347892143338E-04
1.1889254728601E-04
1.2204449484982E-04
1.3458247615702E-04
1.5022827607354E-04
1.6293818423451E-04
2.0505125893405E-04
2.2328995308426E-04
2.3807360648364E-04
2.1533238251127E-04
1.9017695539930E-04
1.6076201841913E-04
1.2443849812530E-04
1.1981331120815E-04
1.2239042589641E-04
1.3504338312032E-04
1.5015704966410E-04
1.6033261915329E-04
2.1859970443132E-04
2.5452718195224E-04
2.3649684121154E-04
2.1696267383198E-04
1.8802169060538E-04

6.6912986374366E-05
6.6912986374389E-05
6.6912986374389E-05
6.6912986374389E-05
6.6912986374389E-05
6.6912986374389E-05
6.6912986374389E-05
6.6912986374389E-05
6.6912986374389E-05
6.6912986374389E-05
6.6912986374389E-05
6.6912986374389E-05
6.6912986374389E-05
6.6912986374389E-05
6.6912986374389E-05
6.6912986374389E-05
6.6912986374389E-05
6.6912986374389E-05
6.6912986374389E-05
6.6912986374389E-05
6.6912986374389E-05
6.6912986374389E-05
6.6912986374389E-05
6.6912986374389E-05
6.6912986374389E-05
6.6912986374389E-05
6.6912986374389E-05
6.6912986374389E-05
6.6912986374389E-05
6.6912986374389E-05
6.6912986374389E-05
6.6912986374389E-05
6.6912986374389E-05
6.6912986374389E-05
6.6912986374389E-05
6.6912986374389E-05
6.6912986374389E-05
6.6912986374389E-05
6.6912986374389E-05
6.6912986374389E-05
6.6912986374389E-05
6.6912986374389E-05
6.6912986374389E-05
6.6912986374389E-05
6.6912986374389E-05
6.6912986374389E-05
6.6912986374389E-05
6.6912986374389E-05
6.6912986374389E-05
6.6912986374389E-05
6.6912986374389E-05
6.6912986374389E-05
6.6912986374389E-05
6.6912986374389E-05
6.6912986374389E-05
6.6912986374389E-05
6.6912986374389E-05
6.6912986374389E-05
6.6912986374389E-05
6.6912986374389E-05
6.6912986374389E-05
6.6912986374389E-05
6.6912986374389E-05
6.6912986374389E-05
6.6912986374389E-05
6.6912986374389E-05
6.6912986374389E-05
6.6912986374389E-05
6.6912986374389E-05
6.6912986374389E-05
6.6912986374389E-05
6.6912986374389E-05
6.6912986374389E-05
6.6912986374389E-05
6.6912986374389E-05
6.6912986374389E-05
6.6912986374389E-05
6.6912986374389E-05
6.6912986374389E-05
6.6912986374389E-05
6.6912986374389E-05
6.6912986374389E-05
6.6912986374389E-05
6.6912986374389E-05
6.6912986374389E-05
6.6912986374389E-05
6.6912986374389E-05
6.6912986374389E-05
6.6912986374389E-05
6.6912986374389E-05
6.6912986374389E-05
6.6912986374389E-05
6.6912986374389E-05
6.6912986374389E-05
6.6912986374389E-05
6.6912986374389E-05
6.6912986374389E-05
6.6912986374389E-05
6.6912986374389E-05
6.6912986374389E-05
6.6912986374389E-05
6.6912986374389E-05
6.6912986374389E-05
6.6912986374389E-05
6.6912986374389E-05
6.6912986374389E-05
6.6912986374389E-05
6.6912986374389E-05
6.6912986374389E-05
6.6912986374389E-05
6.6912986374389E-05
6.6912986374389E-05
6.6912986374389E-05
6.6912986374389E-05
6.6912986374389E-05
6.6912986374389E-05
6.6912986374389E-05
6.6912986374389E-05
6.6912986374389E-05
6.6912986374389E-05
6.6912986374389E-05

6.2893383509146E-11
1.0449228207378E-08
1.4152911897650E-07
8.7023070272802E-07
4.5656206630521E-06
8.1776598066101E-06
9.5676188754806E-06
1.0906119492603E-05
1.1375684008725E-05
1.0698911659803E-05
8.9063346179368E-06
7.1150864622155E-06
6.0814534259409E-06
4.9157968845589E-06
3.9027844462501E-06
3.3017578237741E-06
3.3947572190375E-06
7.0564132823660E-06
8.8513024857831E-06
9.5338399800272E-06
1.0099329029832E-05
1.0499150912352E-05
1.0396372541269E-05
9.3632505352395E-06
6.2338605076164E-06
5.2451694434069E-06
4.4754990288857E-06
4.2383379461350E-06
4.5604086579694E-06
5.5096891127932E-06
8.9489807882548E-06
9.7473573465925E-06
1.1514290122967E-05
1.1955699130630E-05
1.1532208486966E-05
1.0142919809250E-05
8.5777812419627E-06
6.5343023811562E-06
5.7026172997233E-06
5.5531663679565E-06
5.7075257816730E-06
6.2545030000630E-06
8.1148101472503E-06
1.0272155198794E-05
1.1208970399388E-05
1.2510689143138E-05
1.1600922027428E-05
1.0941902442209E-05
9.4565436263867E-06
7.5851248633908E-06
6.6284898705727E-06
6.3516806382487E-06
6.3334713487789E-06
6.7428579186122E-06
7.6066651355997E-06
1.0099631914272E-05
1.2539527717390E-05
1.3616909762502E-05
1.2569910734996E-05
1.0989056373592E-05
9.8141037091265E-06
8.1926204876628E-06
7.2464775566600E-06
6.8038726846247E-06
6.6890299316781E-06
7.0257008837162E-06
7.8337199442212E-06
1.0194970834337E-05
1.1436095324553E-05
1.3599564788024E-05
1.2131726447176E-05
1.1728495588271E-05
1.0389705853631E-05
8.7176093088369E-06
7.6140554233956E-06
7.1021761609658E-06
6.9505052149161E-06
7.2472972445784E-06
8.0392341524176E-06
9.3466109562921E-06
1.1411363991277E-05
1.3469983895848E-05
1.2665216571172E-05
1.1711703458146E-05
1.0554131139132E-05
9.0186103389814E-06
7.8458586947427E-06
7.2919006985352E-06
7.1246839921079E-06
7.4017392816738E-06
8.1688321727891E-06
8.8218995560652E-06
1.1929469336917E-05
1.3394102833455E-05
1.3501916952747E-05
1.1900764652644E-05
1.0738634635095E-05
9.2051249470434E-06
8.0314087683191E-06
7.4466698122242E-06
7.2710814770700E-06
7.5313466982433E-06
8.2482008716751E-06
8.7808190278292E-06
1.2232819373441E-05
1.2986364796492E-05
1.2935189500207E-05
1.2138963066901E-05
1.0828017967762E-05
9.3903384708592E-06
8.1487845800333E-06
7.5513432261222E-06
7.3697052095162E-06
7.6214252802607E-06
8.2923409100581E-06
8.7539538645008E-06
1.1380844692694E-05
1.3828353890636E-05
1.3195933893025E-05
1.2083620138157E-05
1.0865462586424E-05

7.1300072099441E-05
7.1300072099466E-05
7.1300072099466E-05
7.1300072099466E-05
7.1300072099466E-05
7.1300072099466E-05
7.1300072099466E-05
7.1300072099466E-05
7.1300072099466E-05
7.1300072099466E-05
7.1300072099466E-05
7.1300072099466E-05
7.1300072099466E-05
7.1300072099466E-05
7.1300072099466E-05
7.1300072099466E-05
7.1300072099466E-05
7.1300072099466E-05
7.1300072099466E-05
7.1300072099466E-05
7.1300072099466E-05
7.1300072099466E-05
7.1300072099466E-05
7.1300072099466E-05
7.1300072099466E-05
7.1300072099466E-05
7.1300072099466E-05
7.1300072099466E-05
7.1300072099466E-05
7.1300072099466E-05
7.1300072099466E-05
7.1300072099466E-05
7.1300072099466E-05
7.1300072099466E-05
7.1300072099466E-05
7.1300072099466E-05
7.1300072099466E-05
7.1300072099466E-05
7.1300072099466E-05
7.1300072099466E-05
7.1300072099466E-05
7.1300072099466E-05
7.1300072099466E-05
7.1300072099466E-05
7.1300072099466E-05
7.1300072099466E-05
7.1300072099466E-05
7.1300072099466E-05
7.1300072099466E-05
7.1300072099466E-05
7.1300072099466E-05
7.1300072099466E-05
7.1300072099466E-05
7.1300072099466E-05
7.1300072099466E-05
7.1300072099466E-05
7.1300072099466E-05
7.1300072099466E-05
7.1300072099466E-05
7.1300072099466E-05
7.1300072099466E-05
7.1300072099466E-05
7.1300072099466E-05
7.1300072099466E-05
7.1300072099466E-05
7.1300072099466E-05
7.1300072099466E-05
7.1300072099466E-05
7.1300072099466E-05
7.1300072099466E-05
7.1300072099466E-05
7.1300072099466E-05
7.1300072099466E-05
7.1300072099466E-05
7.1300072099466E-05
7.1300072099466E-05
7.1300072099466E-05
7.1300072099466E-05
7.1300072099466E-05
7.1300072099466E-05
7.1300072099466E-05
7.1300072099465E-05
7.1300072099466E-05
7.1300072099466E-05
7.1300072099466E-05
7.1300072099466E-05
7.1300072099465E-05
7.1300072099466E-05
7.1300072099466E-05
7.1300072099466E-05
7.1300072099466E-05
7.1300072099466E-05
7.1300072099466E-05
7.1300072099466E-05
7.1300072099466E-05
7.1300072099466E-05
7.1300072099466E-05
7.1300072099465E-05
7.1300072099466E-05
7.1300072099466E-05
7.1300072099466E-05
7.1300072099466E-05
7.1300072099466E-05
7.1300072099466E-05
7.1300072099466E-05
7.1300072099466E-05
7.1300072099466E-05
7.1300072099466E-05
7.1300072099466E-05
7.1300072099466E-05
7.1300072099466E-05
7.1300072099465E-05
7.1300072099466E-05
7.1300072099466E-05
7.1300072099465E-05
7.1300072099466E-05
7.1300072099466E-05
7.1300072099466E-05
7.1300072099466E-05
7.1300072099466E-05
7.1300072099466E-05

2.9349829656767E-05
2.9350678951379E-05
2.9345134658442E-05
2.9292503396042E-05
3.0420010072041E-05
3.3057733850884E-05
3.5275430558446E-05
3.8158327206136E-05
3.9601537735125E-05
3.8667739271375E-05
3.6179052417363E-05
3.3726282935325E-05
3.1930367170868E-05
3.0313780385291E-05
2.9564980451699E-05
2.9383160036528E-05
2.9643127213636E-05
3.2309218092298E-05
3.5630914527329E-05
3.7003483993683E-05
3.7731470419276E-05
3.8392922184992E-05
3.7232481646447E-05
3.4805890331709E-05
3.0624570818864E-05
2.9392765606878E-05
2.8940113230330E-05
2.8885680229723E-05
2.9105495163910E-05
2.9856119339804E-05
3.3345003975248E-05
3.5441169929866E-05
3.7999302080669E-05
3.8372113094157E-05
3.7251077230310E-05
3.4794514923175E-05
3.2386086801275E-05
3.0174323645577E-05
2.9084774936380E-05
2.8985586053178E-05
2.9203450377463E-05
2.9876055918029E-05
3.1719302890369E-05
3.5088793536973E-05
3.6864146156860E-05
3.8488513085580E-05
3.6544494776880E-05
3.5257961894705E-05
3.2802398088316E-05
3.0316612733140E-05
2.9121821287761E-05
2.9083313825910E-05
2.9327636488967E-05
3.0020956619058E-05
3.1111665568184E-05
3.4291865517396E-05
3.8343534837737E-05
3.9575841110601E-05
3.7507703629171E-05
3.4662991318819E-05
3.2780517333934E-05
3.0380897054219E-05
2.9207995724142E-05
2.9132580207787E-05
2.9378393318950E-05
3.0086685655583E-05
3.1378033670020E-05
3.4076574611917E-05
3.6251950090743E-05
3.9293251095560E-05
3.6234545187121E-05
3.5350278998649E-05
3.3062551645860E-05
3.0514966787570E-05
2.9216183261404E-05
2.9164543914432E-05
2.9402904442576E-05
3.0117952836643E-05
3.1501902150178E-05
3.3141692205948E-05
3.6151214994443E-05
3.8755612875526E-05
3.6860431338506E-05
3.4873235067019E-05
3.2851974858158E-05
3.0573910507908E-05
2.9251824739289E-05
2.9192377301211E-05
2.9422585257036E-05
3.0140525681206E-05
3.1533092458999E-05
3.2509182413180E-05
3.6847980779588E-05
3.8377002055268E-05
3.7954303159899E-05
3.4889889105230E-05
3.2934452801286E-05
3.0592660152563E-05
2.9296936955829E-05
2.9210635160359E-05
2.9428679813435E-05
3.0152481383450E-05
3.1510245075607E-05
3.2436266511453E-05
3.7135292498443E-05
3.7758123666494E-05
3.6937445077180E-05
3.5181132796627E-05
3.2701274179323E-05
3.0624657511904E-05
2.9309744887514E-05
2.9222134515605E-05
2.9433407531175E-05
3.0161893928608E-05
3.1490298322724E-05
3.2381220327298E-05
3.5889512970913E-05
3.8911789943236E-05
3.7170435449513E-05
3.4717558944745E-05
3.2770157033482E-05

0.0000000000000E+00
2.8533624279146E-13
1.1382697006042E-11
8.7494733567523E-11
3.0896709786227E-10
4.9513012695554E-10
2.6215906715547E-10
-3.5197657701546E-10
-3.4714011755017E-10
-2.4375148558096E-10
-1.8183838309961E-10
-9.9783423057904E-11
-6.6976695820561E-11
-4.4572116841119E-11
-7.2597980529139E-12
6.4962669330996E-11
2.1616553549523E-10
3.1963375879219E-10
2.2520399907148E-10
-6.8269012003429E-11
-1.6510911475606E-10
-1.5461376702030E-10
-1.3459169158389E-10
-1.2703283281638E-10
-1.0834143347498E-10
-4.9695798016293E-11
-2.1451513867701E-12
7.7734445487205E-11
2.2658277083379E-10
3.6056691574867E-10
2.2214982459563E-10
-7.1850515585918E-11
-2.5292069740236E-10
-1.5464096076532E-10
-1.4694922037883E-10
-1.1592839435163E-10
-8.5136939041951E-11
-6.1837970731729E-11
1.8155660343429E-12
8.3931049302171E-11
2.2897496572111E-10
3.5728353906981E-10
3.0216421972787E-10
-5.3652163499472E-11
-2.1595872860430E-10
-1.7018959282325E-10
-1.5275891704707E-10
-1.1340078236575E-10
-9.2503132573459E-11
-6.2762364977778E-11
-7.5339407176378E-12
8.2579491997106E-11
2.3000452825005E-10
3.5446902409455E-10
2.9084280363954E-10
-9.6694021756567E-11
-2.6967728372414E-10
-1.6417871231893E-10
-1.5202162051236E-10
-1.1877302222999E-10
-9.4719608389203E-11
-6.6438712454701E-11
-1.6125007490626E-11
8.0375071076255E-11
2.3199488776847E-10
3.5404018039471E-10
3.0721892398310E-10
-1.5473671110841E-10
-2.2171230909654E-10
-1.7799024597650E-10
-1.8963548126167E-10
-1.3117313606711E-10
-9.3283364883938E-11
-7.0656225466215E-11
-2.0483391133269E-11
7.9694631574560E-11
2.3353915144558E-10
3.5443480525258E-10
3.1746591591042E-10
1.3326090253443E-11
-2.8785212535964E-10
-2.4238682220146E-10
-1.8612122474762E-10
-1.4008209760884E-10
-1.0398249034448E-10
-7.5003118979266E-11
-2.3854682490317E-11
7.9657669830531E-11
2.3590250185224E-10
3.5393445374508E-10
3.1500069357565E-10
1.5678132326889E-11
-2.7957256232958E-10
-2.0186264770343E-10
-1.2653924331686E-10
-1.3260572118918E-10
-1.0020441571848E-10
-7.8118446825932E-11
-2.6877233136073E-11
7.9964718623634E-11
2.3758788313107E-10
3.5423180014375E-10
3.1474965538329E-10
-1.3971847514716E-11
-2.6576807344861E-10
-1.9038627445419E-10
-1.8365465907817E-10
-1.0325823305136E-10
-1.1677642309173E-10
-8.1027613622837E-11
-2.8203383782613E-11
7.9961317444579E-11
2.3909640574099E-10
3.5512555064042E-10
3.1259929148705E-10
1.8431015522478E-11
-3.9656961126983E-10
-1.5113085903015E-10
-1.4949574926484E-10
-1.5978485668145E-10
-1.0576682837244E-10

0.0000000000000E+00
0.0000000000000E+00
0.0000000000000E+00
0.0000000000000E+00
0.0000000000000E+00
0.0000000000000E+00
0.0000000000000E+00
0.0000000000000E+00
0.0000000000000E+00
0.0000000000000E+00
0.0000000000000E+00
0.0000000000000E+00
0.0000000000000E+00
0.0000000000000E+00
0.0000000000000E+00
0.0000000000000E+00
0.0000000000000E+00
0.0000000000000E+00
0.0000000000000E+00
0.0000000000000E+00
0.0000000000000E+00
0.0000000000000E+00
0.0000000000000E+00
0.0000000000000E+00
0.0000000000000E+00
0.0000000000000E+00
0.0000000000000E+00
0.0000000000000E+00
0.0000000000000E+00
0.0000000000000E+00
0.0000000000000E+00
0.0000000000000E+00
0.0000000000000E+00
0.0000000000000E+00
0.0000000000000E+00
0.0000000000000E+00
0.0000000000000E+00
0.0000000000000E+00
0.0000000000000E+00
0.0000000000000E+00
0.0000000000000E+00
0.0000000000000E+00
0.0000000000000E+00
0.0000000000000E+00
0.0000000000000E+00
0.0000000000000E+00
0.0000000000000E+00
0.0000000000000E+00
0.0000000000000E+00
0.0000000000000E+00
0.0000000000000E+00
0.0000000000000E+00
0.0000000000000E+00
0.0000000000000E+00
0.0000000000000E+00
0.0000000000000E+00
0.0000000000000E+00
0.0000000000000E+00
0.0000000000000E+00
0.0000000000000E+00
0.0000000000000E+00
0.0000000000000E+00
0.0000000000000E+00
0.0000000000000E+00
0.0000000000000E+00
0.0000000000000E+00
0.0000000000000E+00
0.0000000000000E+00
0.0000000000000E+00
0.0000000000000E+00
0.0000000000000E+00
0.0000000000000E+00
0.0000000000000E+00
0.0000000000000E+00
0.0000000000000E+00
0.0000000000000E+00
0.0000000000000E+00
0.0000000000000E+00
0.0000000000000E+00
0.0000000000000E+00
0.0000000000000E+00
0.0000000000000E+00
0.0000000000000E+00
0.0000000000000E+00
0.0000000000000E+00
0.0000000000000E+00
0.0000000000000E+00
0.0000000000000E+00
0.0000000000000E+00
0.0000000000000E+00
0.0000000000000E+00
0.0000000000000E+00
0.0000000000000E+00
0.0000000000000E+00
0.0000000000000E+00
0.0000000000000E+00
0.0000000000000E+00
0.0000000000000E+00
0.0000000000000E+00
0.0000000000000E+00
0.0000000000000E+00
0.0000000000000E+00
0.0000000000000E+00
0.0000000000000E+00
0.0000000000000E+00
0.0000000000000E+00
0.0000000000000E+00
0.0000000000000E+00
0.0000000000000E+00
0.0000000000000E+00
0.0000000000000E+00
0.0000000000000E+00
0.0000000000000E+00
0.0000000000000E+00
0.0000000000000E+00
0.0000000000000E+00
0.0000000000000E+00
0.0000000000000E+00
0.0000000000000E+00
0.0000000000000E+00
0.0000000000000E+00

